USER,SOURCE
AIRFLOW_LOADER,raw.information_schema.tables
ALIU,analytics.dbt_aliu.ql_tmp
ALIU,analytics:dbt_aliu.ql_tmp
ALIU,analytics:prod.key_table_scores
ALIU,analytics:prod_lineage.lineage_dbt_tmp_tables
ALIU,analytics:prod_lineage.looker_dashboards
ALIU,analytics:prod_lineage.looker_nodes
ALIU,raw.monolith_export.catalogobjectmetadata
ALIU,raw.monolith_export.objectpropertymodel
ALIU,raw:data_collector_events.query_logs
ALIU,raw:monolith_export.catalogobjectmetadata
ALIU,raw:monolith_export.objectpropertymodel
APELTINOVICH,analytics.dbt_apeltinovich.query_trends
APELTINOVICH,analytics.dbt_apeltinovich.recent_metrics_refresh
APELTINOVICH,analytics.dbt_apeltinovich_dev.freshness_cycle_data
APELTINOVICH,analytics.dbt_apeltinovich_dev.user_stats
APELTINOVICH,analytics.dbt_apeltinovich_insights.insight_cleanup_suggestions_dashboards
APELTINOVICH,analytics.dbt_apeltinovich_insights.insight_dashboard_analytics
APELTINOVICH,analytics.dbt_apeltinovich_insights.monitor_recom_dt_fields
APELTINOVICH,analytics.dbt_apeltinovich_insights.monitor_recom_fh_tables
APELTINOVICH,analytics.dbt_apeltinovich_rca.rca_job_execution_stats
APELTINOVICH,analytics.dbt_apeltinovich_stage.rca_jobs
APELTINOVICH,analytics.prod.dt_monitors
APELTINOVICH,analytics:dbt_apeltinovich.active_monitors
APELTINOVICH,analytics:dbt_apeltinovich.client_hub
APELTINOVICH,analytics:dbt_apeltinovich.client_warehouses
APELTINOVICH,analytics:dbt_apeltinovich.dashboard_usage_stats
APELTINOVICH,analytics:dbt_apeltinovich.dat
APELTINOVICH,analytics:dbt_apeltinovich.distinct_query_runs
APELTINOVICH,analytics:dbt_apeltinovich.distinct_query_runs_exploded
APELTINOVICH,analytics:dbt_apeltinovich.event_details
APELTINOVICH,analytics:dbt_apeltinovich.freshness_cycle_data
APELTINOVICH,analytics:dbt_apeltinovich.interim_qlog
APELTINOVICH,analytics:dbt_apeltinovich.lineage_edges_qlog
APELTINOVICH,analytics:dbt_apeltinovich.monitor_recom_fields
APELTINOVICH,analytics:dbt_apeltinovich.monitor_recom_tables
APELTINOVICH,analytics:dbt_apeltinovich.muting_rules
APELTINOVICH,analytics:dbt_apeltinovich.qlog_group_basic_stats
APELTINOVICH,analytics:dbt_apeltinovich.qlog_group_stats
APELTINOVICH,analytics:dbt_apeltinovich.qlog_periodicity_breaks
APELTINOVICH,analytics:dbt_apeltinovich.qlog_periodicity_stats
APELTINOVICH,analytics:dbt_apeltinovich.qlog_time_deltas
APELTINOVICH,analytics:dbt_apeltinovich.query_stats
APELTINOVICH,analytics:dbt_apeltinovich.recent_metrics
APELTINOVICH,analytics:dbt_apeltinovich.recent_queries
APELTINOVICH,analytics:dbt_apeltinovich.recent_queries_with_tv_queries
APELTINOVICH,analytics:dbt_apeltinovich.size_metric_per_table
APELTINOVICH,analytics:dbt_apeltinovich.size_update_data
APELTINOVICH,analytics:dbt_apeltinovich.table_access_events
APELTINOVICH,analytics:dbt_apeltinovich.table_cleanup_suggestions
APELTINOVICH,analytics:dbt_apeltinovich.table_cyclicity_info
APELTINOVICH,analytics:dbt_apeltinovich.table_events
APELTINOVICH,analytics:dbt_apeltinovich.table_metadata
APELTINOVICH,analytics:dbt_apeltinovich.table_metric_stats
APELTINOVICH,analytics:dbt_apeltinovich.table_metrics
APELTINOVICH,analytics:dbt_apeltinovich.table_queries
APELTINOVICH,analytics:dbt_apeltinovich.table_query_log_stats
APELTINOVICH,analytics:dbt_apeltinovich.table_schema
APELTINOVICH,analytics:dbt_apeltinovich.table_size_stats
APELTINOVICH,analytics:dbt_apeltinovich.table_update_sizes
APELTINOVICH,analytics:dbt_apeltinovich.table_update_times
APELTINOVICH,analytics:dbt_apeltinovich.table_update_wt_sizes
APELTINOVICH,analytics:dbt_apeltinovich.table_views
APELTINOVICH,analytics:dbt_apeltinovich.unchanged_size_training
APELTINOVICH,analytics:dbt_apeltinovich.user_stats
APELTINOVICH,analytics:dbt_apeltinovich.warehouse_user_stats
APELTINOVICH,analytics:dbt_apeltinovich.wildcard_mapping
APELTINOVICH,analytics:dbt_apeltinovich_detectors.freq_change_model
APELTINOVICH,analytics:dbt_apeltinovich_detectors.freq_change_thresholds
APELTINOVICH,analytics:dbt_apeltinovich_detectors.freq_change_training
APELTINOVICH,analytics:dbt_apeltinovich_detectors.freshness_training
APELTINOVICH,analytics:dbt_apeltinovich_detectors.metric_status_indicator
APELTINOVICH,analytics:dbt_apeltinovich_detectors.numeric_status_indicator
APELTINOVICH,analytics:dbt_apeltinovich_detectors.numeric_thresholds_training
APELTINOVICH,analytics:dbt_apeltinovich_detectors.rc_anom_training
APELTINOVICH,analytics:dbt_apeltinovich_dev.client_hub
APELTINOVICH,analytics:dbt_apeltinovich_dev.distinct_query_runs
APELTINOVICH,analytics:dbt_apeltinovich_dev.distinct_query_runs_exploded
APELTINOVICH,analytics:dbt_apeltinovich_dev.freshness_cycle_data
APELTINOVICH,analytics:dbt_apeltinovich_dev.interim_qlog
APELTINOVICH,analytics:dbt_apeltinovich_dev.interim_qlog_minus_dst_vw
APELTINOVICH,analytics:dbt_apeltinovich_dev.interim_qlog_tables
APELTINOVICH,analytics:dbt_apeltinovich_dev.interim_tv_qlog_tables_only
APELTINOVICH,analytics:dbt_apeltinovich_dev.interim_tv_template_queries
APELTINOVICH,analytics:dbt_apeltinovich_dev.qlog_group_basic_stats
APELTINOVICH,analytics:dbt_apeltinovich_dev.qlog_group_stats
APELTINOVICH,analytics:dbt_apeltinovich_dev.qlog_periodicity_stats
APELTINOVICH,analytics:dbt_apeltinovich_dev.recent_metrics
APELTINOVICH,analytics:dbt_apeltinovich_dev.recent_queries
APELTINOVICH,analytics:dbt_apeltinovich_dev.recent_queries_with_tv_queries
APELTINOVICH,analytics:dbt_apeltinovich_dev.table_metadata
APELTINOVICH,analytics:dbt_apeltinovich_dev.table_queries
APELTINOVICH,analytics:dbt_apeltinovich_dev.table_views
APELTINOVICH,analytics:dbt_apeltinovich_dev.warehouse_user_stats
APELTINOVICH,analytics:dbt_apeltinovich_dev_stage.accounts
APELTINOVICH,analytics:dbt_apeltinovich_dev_stage.anomalies
APELTINOVICH,analytics:dbt_apeltinovich_dev_stage.events
APELTINOVICH,analytics:dbt_apeltinovich_dev_stage.incidents
APELTINOVICH,analytics:dbt_apeltinovich_dev_stage.tables
APELTINOVICH,analytics:dbt_apeltinovich_dev_stage.warehouse
APELTINOVICH,analytics:dbt_apeltinovich_insights.insight_catalog
APELTINOVICH,analytics:dbt_apeltinovich_insights.insight_monitor_recom_dt_fields
APELTINOVICH,analytics:dbt_apeltinovich_insights.insight_monitor_recom_fh_tables
APELTINOVICH,analytics:dbt_apeltinovich_lineage.lineage_edges
APELTINOVICH,analytics:dbt_apeltinovich_lineage.lineage_nodes
APELTINOVICH,analytics:dbt_apeltinovich_lineage.lineage_query_logs
APELTINOVICH,analytics:dbt_apeltinovich_lineage.lineage_wildcard_nodes
APELTINOVICH,analytics:dbt_apeltinovich_lineage.looker_dashboard_nodes
APELTINOVICH,analytics:dbt_apeltinovich_lineage.looker_dashboards
APELTINOVICH,analytics:dbt_apeltinovich_lineage.looker_explore_nodes
APELTINOVICH,analytics:dbt_apeltinovich_lineage.looker_explores
APELTINOVICH,analytics:dbt_apeltinovich_lineage.looker_explores_from_model
APELTINOVICH,analytics:dbt_apeltinovich_lineage.looker_look_nodes
APELTINOVICH,analytics:dbt_apeltinovich_lineage.looker_looks
APELTINOVICH,analytics:dbt_apeltinovich_lineage.looker_view_nodes
APELTINOVICH,analytics:dbt_apeltinovich_lineage.looker_views
APELTINOVICH,analytics:dbt_apeltinovich_rca.rca_job_execution_stats
APELTINOVICH,analytics:dbt_apeltinovich_rca.rca_new_qlog_groups
APELTINOVICH,analytics:dbt_apeltinovich_rca.rca_periodicity_breaks
APELTINOVICH,analytics:dbt_apeltinovich_rca.rca_query_change
APELTINOVICH,analytics:dbt_apeltinovich_stage.accounts
APELTINOVICH,analytics:dbt_apeltinovich_stage.anomalies
APELTINOVICH,analytics:dbt_apeltinovich_stage.bicontainers
APELTINOVICH,analytics:dbt_apeltinovich_stage.connections
APELTINOVICH,analytics:dbt_apeltinovich_stage.custom_rules
APELTINOVICH,analytics:dbt_apeltinovich_stage.data_collector
APELTINOVICH,analytics:dbt_apeltinovich_stage.event_muting_rules
APELTINOVICH,analytics:dbt_apeltinovich_stage.events
APELTINOVICH,analytics:dbt_apeltinovich_stage.incidents
APELTINOVICH,analytics:dbt_apeltinovich_stage.job_executions
APELTINOVICH,analytics:dbt_apeltinovich_stage.lineage_node_block_patterns
APELTINOVICH,analytics:dbt_apeltinovich_stage.monitor_schedules
APELTINOVICH,analytics:dbt_apeltinovich_stage.monitors
APELTINOVICH,analytics:dbt_apeltinovich_stage.notification_settings
APELTINOVICH,analytics:dbt_apeltinovich_stage.tableau_accounts
APELTINOVICH,analytics:dbt_apeltinovich_stage.tables
APELTINOVICH,analytics:dbt_apeltinovich_stage.users
APELTINOVICH,analytics:dbt_apeltinovich_stage.warehouse
APELTINOVICH,analytics:dbt_circle.active_monitors
APELTINOVICH,analytics:dbt_circle.recent_metrics
APELTINOVICH,analytics:dbt_circle.suggested_schedules
APELTINOVICH,analytics:dbt_circle.table_metadata
APELTINOVICH,analytics:dbt_circle.table_update_sizes
APELTINOVICH,analytics:dbt_circle_detectors.metric_status_indicator
APELTINOVICH,analytics:dbt_circle_detectors.numeric_status_indicator
APELTINOVICH,analytics:dbt_circle_rca.rca_job_execution_stats
APELTINOVICH,analytics:dbt_ushahar.active_monitors
APELTINOVICH,analytics:prod.active_monitors
APELTINOVICH,analytics:prod.client_hub
APELTINOVICH,analytics:prod.client_warehouses
APELTINOVICH,analytics:prod.customer_360
APELTINOVICH,analytics:prod.distinct_query_runs
APELTINOVICH,analytics:prod.event_details
APELTINOVICH,analytics:prod.field_data_info
APELTINOVICH,analytics:prod.freshness_cycle_data
APELTINOVICH,analytics:prod.freshness_training
APELTINOVICH,analytics:prod.incident_flow
APELTINOVICH,analytics:prod.key_table_scores
APELTINOVICH,analytics:prod.muting_rules
APELTINOVICH,analytics:prod.rca_job_execution_stats
APELTINOVICH,analytics:prod.recent_metrics
APELTINOVICH,analytics:prod.recent_metrics_v2
APELTINOVICH,analytics:prod.recent_queries
APELTINOVICH,analytics:prod.schema_stats
APELTINOVICH,analytics:prod.size_metric_per_table
APELTINOVICH,analytics:prod.size_update_data
APELTINOVICH,analytics:prod.table_anomalies
APELTINOVICH,analytics:prod.table_cyclicity_info
APELTINOVICH,analytics:prod.table_events
APELTINOVICH,analytics:prod.table_metadata
APELTINOVICH,analytics:prod.table_schema
APELTINOVICH,analytics:prod.table_update_sizes
APELTINOVICH,analytics:prod.table_update_wt_sizes
APELTINOVICH,analytics:prod.warehouse_user_stats
APELTINOVICH,analytics:prod_anomaly_detectors.dist_anom_detector_input
APELTINOVICH,analytics:prod_detectors.freq_change_detector_training
APELTINOVICH,analytics:prod_detectors.freq_change_model
APELTINOVICH,analytics:prod_detectors.freshness_training
APELTINOVICH,analytics:prod_insights.insight_cleanup_suggestions
APELTINOVICH,analytics:prod_insights.insight_custom_rules
APELTINOVICH,analytics:prod_insights.insight_events
APELTINOVICH,analytics:prod_insights.insight_key_assets
APELTINOVICH,analytics:prod_insights.insight_monitor_recom_fh_tables
APELTINOVICH,analytics:prod_insights.insight_monitors
APELTINOVICH,analytics:prod_lineage.looker_dashboards
APELTINOVICH,analytics:prod_lineage.looker_views
APELTINOVICH,analytics:prod_rca.rca_job_execution_stats
APELTINOVICH,analytics:prod_stage.accounts
APELTINOVICH,analytics:prod_stage.anomalies
APELTINOVICH,analytics:prod_stage.custom_rules
APELTINOVICH,analytics:prod_stage.event_muting_rules
APELTINOVICH,analytics:prod_stage.events
APELTINOVICH,analytics:prod_stage.incidents
APELTINOVICH,analytics:prod_stage.job_executions
APELTINOVICH,analytics:prod_stage.monitor_schedules
APELTINOVICH,analytics:prod_stage.monitors
APELTINOVICH,analytics:prod_stage.rca_jobs
APELTINOVICH,analytics:prod_stage.tables
APELTINOVICH,analytics:prod_stage.warehouse
APELTINOVICH,raw:data_collector_events.metadata
APELTINOVICH,raw:monolith_export.accounts
APELTINOVICH,raw:monolith_export.anomalies
APELTINOVICH,raw:monolith_export.bicontainers
APELTINOVICH,raw:monolith_export.connections
APELTINOVICH,raw:monolith_export.customrules
APELTINOVICH,raw:monolith_export.data_collector
APELTINOVICH,raw:monolith_export.datacollector_schedule
APELTINOVICH,raw:monolith_export.domain
APELTINOVICH,raw:monolith_export.eventmutingrules
APELTINOVICH,raw:monolith_export.events
APELTINOVICH,raw:monolith_export.incidentnotificationstatus
APELTINOVICH,raw:monolith_export.incidents
APELTINOVICH,raw:monolith_export.jobexecutions
APELTINOVICH,raw:monolith_export.lineagenodeblockpatterns
APELTINOVICH,raw:monolith_export.metric_monitoring
APELTINOVICH,raw:monolith_export.notificationsettings
APELTINOVICH,raw:monolith_export.rcajobs
APELTINOVICH,raw:monolith_export.tableauaccounts
APELTINOVICH,raw:monolith_export.users
APELTINOVICH,raw:monolith_export.warehouse
APELTINOVICH,raw:monolith_export.warehouse_tables
APELTINOVICH,raw:normalized_events.bi
APELTINOVICH,raw:normalized_events.custom_rule_exec_log
APELTINOVICH,raw:normalized_events.metadata
APELTINOVICH,raw:normalized_events.query_logs
APELTINOVICH,raw:normalized_events.resolved_metrics
APELTINOVICH,raw:spark.query_logs
BNEVILLE,raw:data_collector_events.metrics
CFRITZ,analytics:prod.client_warehouses
CFRITZ,analytics:prod.recent_metrics
CFRITZ,analytics:prod_detectors.metric_thresholds_training
CFRITZ,analytics:prod_detectors.numeric_thresholds_training
CFRITZ,raw:data_collector_events.query_logs
CFRITZ,raw:normalized_events.query_logs
CIRCLE_USER,analytics.dbt_circle.spark_edges
CIRCLE_USER,analytics.dbt_circle.spark_lineage_events
CIRCLE_USER,analytics.dbt_circle.spark_nodes
CIRCLE_USER,analytics.dbt_circle_detectors.metric_thresholds_training
CIRCLE_USER,analytics.dbt_circle_insights.monitor_recom_dt_fields
CIRCLE_USER,analytics.dbt_circle_insights.monitor_recom_fh_tables
CIRCLE_USER,analytics.dbt_circle_lineage.spark_edges
CIRCLE_USER,analytics.dbt_circle_lineage.spark_lineage_events
CIRCLE_USER,analytics.dbt_circle_lineage.spark_nodes
CIRCLE_USER,analytics:dbt_circle.active_collectors
CIRCLE_USER,analytics:dbt_circle.active_monitors
CIRCLE_USER,analytics:dbt_circle.bigquery_cost_summary
CIRCLE_USER,analytics:dbt_circle.client_hub
CIRCLE_USER,analytics:dbt_circle.client_warehouses
CIRCLE_USER,analytics:dbt_circle.customer_360
CIRCLE_USER,analytics:dbt_circle.dashboard_usage_stats
CIRCLE_USER,analytics:dbt_circle.dataset_stats
CIRCLE_USER,analytics:dbt_circle.distinct_query_runs
CIRCLE_USER,analytics:dbt_circle.distinct_query_runs_exploded
CIRCLE_USER,analytics:dbt_circle.event_details
CIRCLE_USER,analytics:dbt_circle.freshness_cycle_data
CIRCLE_USER,analytics:dbt_circle.incident_info
CIRCLE_USER,analytics:dbt_circle.integrations
CIRCLE_USER,analytics:dbt_circle.interim_final_tv_queries
CIRCLE_USER,analytics:dbt_circle.interim_qlog
CIRCLE_USER,analytics:dbt_circle.interim_qlog_minus_dst_vw
CIRCLE_USER,analytics:dbt_circle.interim_qlog_tables
CIRCLE_USER,analytics:dbt_circle.interim_tv_qlog_tables_only
CIRCLE_USER,analytics:dbt_circle.interim_tv_template_queries
CIRCLE_USER,analytics:dbt_circle.interim_tv_templates_duplicated
CIRCLE_USER,analytics:dbt_circle.lineage_edges_qlog
CIRCLE_USER,analytics:dbt_circle.metadata_stats
CIRCLE_USER,analytics:dbt_circle.metric_thresholds_training
CIRCLE_USER,analytics:dbt_circle.monitor_issues_and_suggestions
CIRCLE_USER,analytics:dbt_circle.monitor_job_executions
CIRCLE_USER,analytics:dbt_circle.monitor_recom_fields
CIRCLE_USER,analytics:dbt_circle.monitor_recom_tables
CIRCLE_USER,analytics:dbt_circle.muting_rules
CIRCLE_USER,analytics:dbt_circle.notification_integrations
CIRCLE_USER,analytics:dbt_circle.qlog_group_basic_stats
CIRCLE_USER,analytics:dbt_circle.qlog_group_stats
CIRCLE_USER,analytics:dbt_circle.qlog_periodicity_breaks
CIRCLE_USER,analytics:dbt_circle.qlog_periodicity_stats
CIRCLE_USER,analytics:dbt_circle.qlog_time_deltas
CIRCLE_USER,analytics:dbt_circle.query_stats
CIRCLE_USER,analytics:dbt_circle.query_trends
CIRCLE_USER,analytics:dbt_circle.recent_metrics
CIRCLE_USER,analytics:dbt_circle.recent_metrics_refresh
CIRCLE_USER,analytics:dbt_circle.recent_metrics_v2
CIRCLE_USER,analytics:dbt_circle.recent_queries
CIRCLE_USER,analytics:dbt_circle.recent_queries_with_tv_queries
CIRCLE_USER,analytics:dbt_circle.size_metric_per_table
CIRCLE_USER,analytics:dbt_circle.size_update_data
CIRCLE_USER,analytics:dbt_circle.suggested_schedules
CIRCLE_USER,analytics:dbt_circle.table_access_events
CIRCLE_USER,analytics:dbt_circle.table_access_metrics
CIRCLE_USER,analytics:dbt_circle.table_anomalies
CIRCLE_USER,analytics:dbt_circle.table_cleanup_suggestions
CIRCLE_USER,analytics:dbt_circle.table_cyclicity_info
CIRCLE_USER,analytics:dbt_circle.table_events
CIRCLE_USER,analytics:dbt_circle.table_last_access_times
CIRCLE_USER,analytics:dbt_circle.table_metadata
CIRCLE_USER,analytics:dbt_circle.table_metric_stats
CIRCLE_USER,analytics:dbt_circle.table_metrics
CIRCLE_USER,analytics:dbt_circle.table_queries
CIRCLE_USER,analytics:dbt_circle.table_query_log_stats
CIRCLE_USER,analytics:dbt_circle.table_read_write_stats
CIRCLE_USER,analytics:dbt_circle.table_schema
CIRCLE_USER,analytics:dbt_circle.table_search_scores
CIRCLE_USER,analytics:dbt_circle.table_size_stats
CIRCLE_USER,analytics:dbt_circle.table_update_sizes
CIRCLE_USER,analytics:dbt_circle.table_update_times
CIRCLE_USER,analytics:dbt_circle.table_update_wt_sizes
CIRCLE_USER,analytics:dbt_circle.table_views
CIRCLE_USER,analytics:dbt_circle.unchanged_size_training
CIRCLE_USER,analytics:dbt_circle.user_stats
CIRCLE_USER,analytics:dbt_circle.warehouse_user_stats
CIRCLE_USER,analytics:dbt_circle.wildcard_mapping
CIRCLE_USER,analytics:dbt_circle_detectors.freshness_thresholds
CIRCLE_USER,analytics:dbt_circle_detectors.freshness_training
CIRCLE_USER,analytics:dbt_circle_detectors.metric_status_indicator
CIRCLE_USER,analytics:dbt_circle_detectors.metric_thresholds_training
CIRCLE_USER,analytics:dbt_circle_detectors.numeric_status_indicator
CIRCLE_USER,analytics:dbt_circle_detectors.numeric_thresholds_training
CIRCLE_USER,analytics:dbt_circle_detectors.rc_anom_training
CIRCLE_USER,analytics:dbt_circle_detectors.size_thresholds
CIRCLE_USER,analytics:dbt_circle_insights.monitor_recom_dt_fields
CIRCLE_USER,analytics:dbt_circle_insights.monitor_recom_fh_tables
CIRCLE_USER,analytics:dbt_circle_internal_bi_stage.salesforce_account
CIRCLE_USER,analytics:dbt_circle_internal_bi_stage.salesforce_opportunity
CIRCLE_USER,analytics:dbt_circle_internal_bi_stage.salesforce_opportunity_history
CIRCLE_USER,analytics:dbt_circle_internal_bi_stage.salesforce_user
CIRCLE_USER,analytics:dbt_circle_lineage.lineage_blocked_nodes
CIRCLE_USER,analytics:dbt_circle_lineage.lineage_custom_blocked_nodes
CIRCLE_USER,analytics:dbt_circle_lineage.lineage_dbt_tmp_edge_mapping
CIRCLE_USER,analytics:dbt_circle_lineage.lineage_dbt_tmp_tables
CIRCLE_USER,analytics:dbt_circle_lineage.lineage_dbt_tmp_tables_with_sources
CIRCLE_USER,analytics:dbt_circle_lineage.lineage_destinations_with_external_sources
CIRCLE_USER,analytics:dbt_circle_lineage.lineage_edges
CIRCLE_USER,analytics:dbt_circle_lineage.lineage_edges_edge_mapped
CIRCLE_USER,analytics:dbt_circle_lineage.lineage_edges_mapped
CIRCLE_USER,analytics:dbt_circle_lineage.lineage_edges_unique
CIRCLE_USER,analytics:dbt_circle_lineage.lineage_external_sources_collapsed_nodes
CIRCLE_USER,analytics:dbt_circle_lineage.lineage_external_sources_collapsible_edges
CIRCLE_USER,analytics:dbt_circle_lineage.lineage_node_mapping_all
CIRCLE_USER,analytics:dbt_circle_lineage.lineage_node_mapping_external_sources
CIRCLE_USER,analytics:dbt_circle_lineage.lineage_node_mapping_wildcard
CIRCLE_USER,analytics:dbt_circle_lineage.lineage_nodes
CIRCLE_USER,analytics:dbt_circle_lineage.lineage_nodes_all
CIRCLE_USER,analytics:dbt_circle_lineage.lineage_query_logs
CIRCLE_USER,analytics:dbt_circle_lineage.lineage_wildcard_nodes
CIRCLE_USER,analytics:dbt_circle_lineage.looker_dashboard_elements
CIRCLE_USER,analytics:dbt_circle_lineage.looker_dashboard_nodes
CIRCLE_USER,analytics:dbt_circle_lineage.looker_dashboards
CIRCLE_USER,analytics:dbt_circle_lineage.looker_explore_nodes
CIRCLE_USER,analytics:dbt_circle_lineage.looker_explore_to_dashboard_edges
CIRCLE_USER,analytics:dbt_circle_lineage.looker_explore_to_look_edges
CIRCLE_USER,analytics:dbt_circle_lineage.looker_explores
CIRCLE_USER,analytics:dbt_circle_lineage.looker_explores_from_model
CIRCLE_USER,analytics:dbt_circle_lineage.looker_look_nodes
CIRCLE_USER,analytics:dbt_circle_lineage.looker_look_to_dashboard_edges
CIRCLE_USER,analytics:dbt_circle_lineage.looker_looks
CIRCLE_USER,analytics:dbt_circle_lineage.looker_nodes
CIRCLE_USER,analytics:dbt_circle_lineage.looker_table_to_view_edges
CIRCLE_USER,analytics:dbt_circle_lineage.looker_view_nodes
CIRCLE_USER,analytics:dbt_circle_lineage.looker_view_to_dashboard_edges
CIRCLE_USER,analytics:dbt_circle_lineage.looker_view_to_explore_edges
CIRCLE_USER,analytics:dbt_circle_lineage.looker_view_to_look_edges
CIRCLE_USER,analytics:dbt_circle_lineage.looker_view_to_view_edges
CIRCLE_USER,analytics:dbt_circle_lineage.looker_views
CIRCLE_USER,analytics:dbt_circle_lineage.spark_edges
CIRCLE_USER,analytics:dbt_circle_lineage.spark_lineage_events
CIRCLE_USER,analytics:dbt_circle_lineage.spark_nodes
CIRCLE_USER,analytics:dbt_circle_rca.rca_job_execution_stats
CIRCLE_USER,analytics:dbt_circle_rca.rca_new_qlog_groups
CIRCLE_USER,analytics:dbt_circle_rca.rca_periodicity_breaks
CIRCLE_USER,analytics:dbt_circle_rca.rca_query_change
CIRCLE_USER,analytics:dbt_circle_stage.accounts
CIRCLE_USER,analytics:dbt_circle_stage.anomalies
CIRCLE_USER,analytics:dbt_circle_stage.bicontainers
CIRCLE_USER,analytics:dbt_circle_stage.connections
CIRCLE_USER,analytics:dbt_circle_stage.custom_rules
CIRCLE_USER,analytics:dbt_circle_stage.data_collector
CIRCLE_USER,analytics:dbt_circle_stage.domains
CIRCLE_USER,analytics:dbt_circle_stage.event_muting_rules
CIRCLE_USER,analytics:dbt_circle_stage.events
CIRCLE_USER,analytics:dbt_circle_stage.incidents
CIRCLE_USER,analytics:dbt_circle_stage.job_executions
CIRCLE_USER,analytics:dbt_circle_stage.lineage_node_block_patterns
CIRCLE_USER,analytics:dbt_circle_stage.monitor_schedules
CIRCLE_USER,analytics:dbt_circle_stage.monitors
CIRCLE_USER,analytics:dbt_circle_stage.notification_settings
CIRCLE_USER,analytics:dbt_circle_stage.rca_jobs
CIRCLE_USER,analytics:dbt_circle_stage.tableau_accounts
CIRCLE_USER,analytics:dbt_circle_stage.tables
CIRCLE_USER,analytics:dbt_circle_stage.users
CIRCLE_USER,analytics:dbt_circle_stage.users_history
CIRCLE_USER,analytics:dbt_circle_stage.warehouse
CIRCLE_USER,analytics:prod.event_details
CIRCLE_USER,analytics:prod.key_table_scores
CIRCLE_USER,analytics:prod.monitor_recom_fields
CIRCLE_USER,analytics:prod.monitor_recom_tables
CIRCLE_USER,analytics:prod.recent_metrics
CIRCLE_USER,analytics:prod.table_metadata
CIRCLE_USER,analytics:prod.table_schema
CIRCLE_USER,analytics:prod_detectors.freq_change_model
CIRCLE_USER,analytics:prod_insights.insight_cleanup_suggestions
CIRCLE_USER,analytics:prod_insights.insight_custom_rules
CIRCLE_USER,analytics:prod_insights.insight_events
CIRCLE_USER,analytics:prod_insights.insight_key_assets
CIRCLE_USER,analytics:prod_insights.insight_monitors
CIRCLE_USER,analytics:prod_stage.warehouse
CIRCLE_USER,mixpanel:public.mp_master_event
CIRCLE_USER,raw.normalized_events.spark_lineage
CIRCLE_USER,raw:data_collector_events.metadata
CIRCLE_USER,raw:internal_bi.salesforce_account
CIRCLE_USER,raw:internal_bi.salesforce_opportunity
CIRCLE_USER,raw:internal_bi.salesforce_opportunity_history
CIRCLE_USER,raw:internal_bi.salesforce_user
CIRCLE_USER,raw:monolith_export.accounts
CIRCLE_USER,raw:monolith_export.anomalies
CIRCLE_USER,raw:monolith_export.bicontainers
CIRCLE_USER,raw:monolith_export.connections
CIRCLE_USER,raw:monolith_export.customrules
CIRCLE_USER,raw:monolith_export.data_collector
CIRCLE_USER,raw:monolith_export.datacollector_schedule
CIRCLE_USER,raw:monolith_export.domain
CIRCLE_USER,raw:monolith_export.eventmutingrules
CIRCLE_USER,raw:monolith_export.events
CIRCLE_USER,raw:monolith_export.incidentnotificationstatus
CIRCLE_USER,raw:monolith_export.incidents
CIRCLE_USER,raw:monolith_export.jobexecutions
CIRCLE_USER,raw:monolith_export.lineagenodeblockpatterns
CIRCLE_USER,raw:monolith_export.metric_monitoring
CIRCLE_USER,raw:monolith_export.notificationsettings
CIRCLE_USER,raw:monolith_export.rcajobs
CIRCLE_USER,raw:monolith_export.tableauaccounts
CIRCLE_USER,raw:monolith_export.tablefield
CIRCLE_USER,raw:monolith_export.tableschemaversion
CIRCLE_USER,raw:monolith_export.users
CIRCLE_USER,raw:monolith_export.warehouse
CIRCLE_USER,raw:monolith_export.warehouse_tables
CIRCLE_USER,raw:normalized_events.bi
CIRCLE_USER,raw:normalized_events.custom_rule_exec_log
CIRCLE_USER,raw:normalized_events.metadata
CIRCLE_USER,raw:normalized_events.query_logs
CIRCLE_USER,raw:normalized_events.resolved_metrics
CIRCLE_USER,raw:normalized_events.spark_lineage
CIRCLE_USER,raw:spark.query_logs
DATABRICKS,__mc_transform_external_sources_of__analytics.dbt_apeltinovich.freq_change_model_staging_1029366930
DATABRICKS,__mc_transform_external_sources_of__analytics.dbt_apeltinovich.freq_change_model_staging_1124920295
DATABRICKS,__mc_transform_external_sources_of__analytics.dbt_apeltinovich.freq_change_model_staging_1185294980
DATABRICKS,__mc_transform_external_sources_of__analytics.dbt_apeltinovich.freq_change_model_staging_1231119600
DATABRICKS,__mc_transform_external_sources_of__analytics.dbt_apeltinovich.freq_change_model_staging_1262036372
DATABRICKS,__mc_transform_external_sources_of__analytics.dbt_apeltinovich.freq_change_model_staging_1435240442
DATABRICKS,__mc_transform_external_sources_of__analytics.dbt_apeltinovich.freq_change_model_staging_1539526570
DATABRICKS,__mc_transform_external_sources_of__analytics.dbt_apeltinovich.freq_change_model_staging_1590752088
DATABRICKS,__mc_transform_external_sources_of__analytics.dbt_apeltinovich.freq_change_model_staging_1605563557
DATABRICKS,__mc_transform_external_sources_of__analytics.dbt_apeltinovich.freq_change_model_staging_1620600846
DATABRICKS,__mc_transform_external_sources_of__analytics.dbt_apeltinovich.freq_change_model_staging_165671479
DATABRICKS,__mc_transform_external_sources_of__analytics.dbt_apeltinovich.freq_change_model_staging_169314603
DATABRICKS,__mc_transform_external_sources_of__analytics.dbt_apeltinovich.freq_change_model_staging_1704172372
DATABRICKS,__mc_transform_external_sources_of__analytics.dbt_apeltinovich.freq_change_model_staging_190989569
DATABRICKS,__mc_transform_external_sources_of__analytics.dbt_apeltinovich.freq_change_model_staging_2111280549
DATABRICKS,__mc_transform_external_sources_of__analytics.dbt_apeltinovich.freq_change_model_staging_212419845
DATABRICKS,__mc_transform_external_sources_of__analytics.dbt_apeltinovich.freq_change_model_staging_212777949
DATABRICKS,__mc_transform_external_sources_of__analytics.dbt_apeltinovich.freq_change_model_staging_213389469
DATABRICKS,__mc_transform_external_sources_of__analytics.dbt_apeltinovich.freq_change_model_staging_259132092
DATABRICKS,__mc_transform_external_sources_of__analytics.dbt_apeltinovich.freq_change_model_staging_278110545
DATABRICKS,__mc_transform_external_sources_of__analytics.dbt_apeltinovich.freq_change_model_staging_370987100
DATABRICKS,__mc_transform_external_sources_of__analytics.dbt_apeltinovich.freq_change_model_staging_559408529
DATABRICKS,__mc_transform_external_sources_of__analytics.dbt_apeltinovich.freq_change_model_staging_665253331
DATABRICKS,__mc_transform_external_sources_of__analytics.dbt_apeltinovich.freq_change_model_staging_866325564
DATABRICKS,__mc_transform_external_sources_of__analytics.dbt_apeltinovich_detectors.freq_change_model_staging_1123385521
DATABRICKS,__mc_transform_external_sources_of__analytics.prod_detectors.freq_change_detector_training_staging_1420501692
DATABRICKS,__mc_transform_external_sources_of__analytics.prod_detectors.freq_change_model_staging_1215037850
DATABRICKS,analytics.dbt_apeltinovich.@spark_connector_load_stage_*__to_analytics__dbt_apeltinovich__freq_change_model_staging_*__to_analytics__dbt_apeltinovich__freq_change_model
DATABRICKS,analytics.dbt_apeltinovich.@spark_connector_load_stage_17s2njtgwetzahgoenhk
DATABRICKS,analytics.dbt_apeltinovich.@spark_connector_load_stage_4w3r2qb8jpqqbwtag4nm
DATABRICKS,analytics.dbt_apeltinovich.@spark_connector_load_stage_5ileeoy2xjp9vhtt3klo
DATABRICKS,analytics.dbt_apeltinovich.@spark_connector_load_stage_6z3ww3hlynvmpejzafyx
DATABRICKS,analytics.dbt_apeltinovich.@spark_connector_load_stage_bbftm9wza9b1cz4ul8av
DATABRICKS,analytics.dbt_apeltinovich.@spark_connector_load_stage_d5r4zoka0wke3rmnsk1g
DATABRICKS,analytics.dbt_apeltinovich.@spark_connector_load_stage_dk3qw2ue7cs9reyzulkd
DATABRICKS,analytics.dbt_apeltinovich.@spark_connector_load_stage_fd8wqzgekezjqvfxwjbq
DATABRICKS,analytics.dbt_apeltinovich.@spark_connector_load_stage_gpfduqbkqfchht5h9bzh
DATABRICKS,analytics.dbt_apeltinovich.@spark_connector_load_stage_ircdwejxyt04jb9ttwq4
DATABRICKS,analytics.dbt_apeltinovich.@spark_connector_load_stage_lmqbrurakoaa5m02lbkg
DATABRICKS,analytics.dbt_apeltinovich.@spark_connector_load_stage_ltnmvijjr0zbyruetyhl
DATABRICKS,analytics.dbt_apeltinovich.@spark_connector_load_stage_n8qspryebkc9f3qy2ap0
DATABRICKS,analytics.dbt_apeltinovich.@spark_connector_load_stage_ornxk6kf34ibitfyukaa
DATABRICKS,analytics.dbt_apeltinovich.@spark_connector_load_stage_oubkjfmykrvhqndpgqfc
DATABRICKS,analytics.dbt_apeltinovich.@spark_connector_load_stage_qgx5wg8pg7nhihaooyw6
DATABRICKS,analytics.dbt_apeltinovich.@spark_connector_load_stage_qq1nwneas8oa6v4znndb
DATABRICKS,analytics.dbt_apeltinovich.@spark_connector_load_stage_uaropb3qbfpxhomt1fmu
DATABRICKS,analytics.dbt_apeltinovich.@spark_connector_load_stage_uoh8jr3lg8shesnsrnot
DATABRICKS,analytics.dbt_apeltinovich.@spark_connector_load_stage_vtelruzk60guykggvill
DATABRICKS,analytics.dbt_apeltinovich.anoms
DATABRICKS,analytics.dbt_apeltinovich.freq_change_model_staging_*__to_analytics__dbt_apeltinovich__freq_change_model
DATABRICKS,analytics.dbt_apeltinovich.freq_change_model_staging_169314603
DATABRICKS,analytics.dbt_apeltinovich.freq_change_model_staging_600638103
DATABRICKS,analytics.dbt_apeltinovich.tmpdummy_location_spark_connector_tmp
DATABRICKS,analytics.dbt_apeltinovich_detectors.@spark_connector_load_stage_*__to_analytics__dbt_apeltinovich_detectors__freq_change_model_staging_*__to_analytics__dbt_apeltinovich_detectors__freq_change_model
DATABRICKS,analytics.dbt_apeltinovich_detectors.@spark_connector_load_stage_1btbrqdbpss5nyeadlxk
DATABRICKS,analytics.dbt_apeltinovich_detectors.@spark_connector_load_stage_22ofmsyhtfshmctomjh3
DATABRICKS,analytics.dbt_apeltinovich_detectors.@spark_connector_load_stage_8jnbottotr6xo9h3vhk3
DATABRICKS,analytics.dbt_apeltinovich_detectors.@spark_connector_load_stage_fiakdp8hw2l570uk0w9x
DATABRICKS,analytics.dbt_apeltinovich_detectors.@spark_connector_load_stage_ks5in0xnqydvteqtrdng
DATABRICKS,analytics.dbt_apeltinovich_detectors.@spark_connector_load_stage_pykhe8j9dstummw5ex7v
DATABRICKS,analytics.dbt_apeltinovich_detectors.@spark_connector_load_stage_rcophq3fz1amr2vaph9t
DATABRICKS,analytics.dbt_apeltinovich_detectors.@spark_connector_load_stage_sepsecnfrlahkib3np2q
DATABRICKS,analytics.dbt_apeltinovich_detectors.@spark_connector_load_stage_undumsnwkumop1pdbom9
DATABRICKS,analytics.dbt_apeltinovich_detectors.@spark_connector_load_stage_w71a0yaqk4j2tzedmb2a
DATABRICKS,analytics.dbt_apeltinovich_detectors.@spark_connector_load_stage_ws7cwu0a4lkslamonlei
DATABRICKS,analytics.dbt_apeltinovich_detectors.@spark_connector_load_stage_xvbenipqdmhggtm4ptrh
DATABRICKS,analytics.dbt_apeltinovich_detectors.@spark_connector_load_stage_zlwwnmsxb6ttowrgaz2o
DATABRICKS,analytics.dbt_apeltinovich_detectors.freq_change_model_staging_*__to_analytics__dbt_apeltinovich_detectors__freq_change_model
DATABRICKS,analytics.dbt_apeltinovich_detectors.freq_change_model_staging_1087552731
DATABRICKS,analytics.dbt_apeltinovich_detectors.freq_change_model_staging_1123385521
DATABRICKS,analytics.dbt_apeltinovich_detectors.freq_change_model_staging_1787799715
DATABRICKS,analytics.dbt_apeltinovich_detectors.freq_change_model_staging_1794987744
DATABRICKS,analytics.dbt_apeltinovich_detectors.freq_change_model_staging_1813162731
DATABRICKS,analytics.dbt_apeltinovich_detectors.freq_change_model_staging_2078916133
DATABRICKS,analytics.dbt_apeltinovich_detectors.freq_change_model_staging_2082738188
DATABRICKS,analytics.dbt_apeltinovich_detectors.freq_change_model_staging_288227793
DATABRICKS,analytics.dbt_apeltinovich_detectors.freq_change_model_staging_303656741
DATABRICKS,analytics.dbt_apeltinovich_detectors.freq_change_model_staging_547587796
DATABRICKS,analytics.dbt_apeltinovich_detectors.freq_change_model_staging_58786007
DATABRICKS,analytics.dbt_apeltinovich_detectors.freq_change_model_staging_611123373
DATABRICKS,analytics.dbt_apeltinovich_detectors.freq_change_model_staging_81002532
DATABRICKS,analytics.dbt_apeltinovich_detectors.freq_change_model_staging_964863520
DATABRICKS,analytics.dbt_apeltinovich_detectors.tmpdummy_location_spark_connector_tmp
DATABRICKS,analytics.prod.@spark_connector_unload_stage_*__to_analytics__prod__key_table_scores_staging_*__to_analytics__prod__key_table_scores
DATABRICKS,analytics.prod.@spark_connector_unload_stage_d7ggk6ddifhbttreml8w
DATABRICKS,analytics.prod.@spark_connector_unload_stage_dp5p9c7nfzdv2hfms4hm
DATABRICKS,analytics.prod.anoms
DATABRICKS,analytics.prod.key_table_scores_staging_*__to_analytics__prod__key_table_scores
DATABRICKS,analytics.prod.tmpdummy_location_spark_connector_tmp
DATABRICKS,analytics.prod_detectors.@spark_connector_load_stage_*__to_analytics__prod_detectors__freq_change_model_staging_*__to_analytics__prod_detectors__freq_change_model
DATABRICKS,analytics.prod_detectors.@spark_connector_load_stage_7ebcdbsfhvqgw0xxs9vy
DATABRICKS,analytics.prod_detectors.@spark_connector_load_stage_7znzyn1xqfqaslhw9lxz
DATABRICKS,analytics.prod_detectors.@spark_connector_load_stage_e4ob0trgsajsxnxdyxz1
DATABRICKS,analytics.prod_detectors.@spark_connector_load_stage_jhtyasekwbhuq1mlxueo
DATABRICKS,analytics.prod_detectors.@spark_connector_load_stage_nqe5xxycluqshe4svhhq
DATABRICKS,analytics.prod_detectors.@spark_connector_load_stage_ofyeytts2fqciojwparv
DATABRICKS,analytics.prod_detectors.@spark_connector_load_stage_oq90r1ynvfp3l7v7sucl
DATABRICKS,analytics.prod_detectors.@spark_connector_load_stage_vlnd5dlqrkdaap7jl4kr
DATABRICKS,analytics.prod_detectors.@spark_connector_load_stage_vokdn7y9qyxckvmxkxip
DATABRICKS,analytics.prod_detectors.@spark_connector_load_stage_ww7jocaml51ghzfmn6ji
DATABRICKS,analytics.prod_detectors.@spark_connector_load_stage_zmj0woklnbxbrgrdglkw
DATABRICKS,analytics.prod_detectors.freq_change_detector_training_staging_1420501692
DATABRICKS,analytics.prod_detectors.freq_change_detector_training_staging_1553233934
DATABRICKS,analytics.prod_detectors.freq_change_detector_training_staging_1964582277
DATABRICKS,analytics.prod_detectors.freq_change_detector_training_staging_464699022
DATABRICKS,analytics.prod_detectors.freq_change_detector_training_staging_925130743
DATABRICKS,analytics.prod_detectors.freq_change_model_staging_*__to_analytics__prod_detectors__freq_change_model
DATABRICKS,analytics.prod_detectors.freq_change_model_staging_1215037850
DATABRICKS,analytics.prod_detectors.freq_change_model_staging_1398453009
DATABRICKS,analytics.prod_detectors.freq_change_model_staging_1567702083
DATABRICKS,analytics.prod_detectors.freq_change_model_staging_1685478690
DATABRICKS,analytics.prod_detectors.freq_change_model_staging_1948193206
DATABRICKS,analytics.prod_detectors.freq_change_model_staging_2101279118
DATABRICKS,analytics.prod_detectors.freq_change_model_staging_487930298
DATABRICKS,analytics.prod_detectors.freq_change_model_staging_922844362
DATABRICKS,analytics.prod_detectors.tmpdummy_location_spark_connector_tmp
DATABRICKS,analytics:dbt_apeltinovich.freq_change_model
DATABRICKS,analytics:dbt_apeltinovich_detectors.freq_change_model
DATABRICKS,analytics:prod.client_warehouses
DATABRICKS,analytics:prod.freshness_cycle_data
DATABRICKS,analytics:prod.freshness_training
DATABRICKS,analytics:prod.key_table_scores
DATABRICKS,analytics:prod.lineage_edges_qlog
DATABRICKS,analytics:prod.monitor_issues_and_suggestions
DATABRICKS,analytics:prod.read_write_stats
DATABRICKS,analytics:prod.recent_metrics
DATABRICKS,analytics:prod.size_metric_per_table
DATABRICKS,analytics:prod.size_update_data
DATABRICKS,analytics:prod.table_access_metrics_output
DATABRICKS,analytics:prod.table_events
DATABRICKS,analytics:prod.table_metadata
DATABRICKS,analytics:prod.table_metrics
DATABRICKS,analytics:prod.table_search_scores
DATABRICKS,analytics:prod.table_update_sizes
DATABRICKS,analytics:prod.table_update_times
DATABRICKS,analytics:prod.table_update_wt_sizes
DATABRICKS,analytics:prod.unchanged_size_training
DATABRICKS,analytics:prod.user_data
DATABRICKS,analytics:prod.user_title
DATABRICKS,analytics:prod_detectors.field_health_thresholds
DATABRICKS,analytics:prod_detectors.freq_change_model
DATABRICKS,analytics:prod_detectors.freshness_thresholds
DATABRICKS,analytics:prod_detectors.freshness_training
DATABRICKS,analytics:prod_detectors.metric_thresholds_training
DATABRICKS,analytics:prod_detectors.numeric_thresholds_training
DATABRICKS,analytics:prod_detectors.rc_anom_training
DATABRICKS,analytics:prod_detectors.size_thresholds
DATABRICKS,analytics:prod_insights.insight_cleanup_suggestions
DATABRICKS,analytics:prod_insights.insight_custom_rules
DATABRICKS,analytics:prod_insights.insight_dashboard_analytics
DATABRICKS,analytics:prod_insights.insight_events
DATABRICKS,analytics:prod_insights.insight_key_assets
DATABRICKS,analytics:prod_insights.insight_monitor_issues_and_solutions
DATABRICKS,analytics:prod_insights.insight_monitor_recom_dt_fields
DATABRICKS,analytics:prod_insights.insight_monitor_recom_fh_tables
DATABRICKS,analytics:prod_insights.insight_monitors
DATABRICKS,analytics:prod_insights.insight_query_runtime_trends
DATABRICKS,analytics:prod_insights.insight_rca_query_change
DATABRICKS,analytics:prod_insights.insight_table_read_write_stats
DATABRICKS,analytics:prod_insights.insights_catalog
DATABRICKS,analytics:prod_insights.monitor_recom_dt_fields
DATABRICKS,analytics:prod_insights.monitor_recom_fh_tables
DATABRICKS,analytics:prod_insights.to_monolith_insight_monitor_recom_dt_fields
DATABRICKS,analytics:prod_insights.to_monolith_insight_monitor_recom_fh_tables
DATABRICKS,analytics:prod_lineage.lineage_edges_mapped
DATABRICKS,analytics:prod_lineage.lineage_nodes_all
DATABRICKS,analytics:prod_lineage.lineage_query_logs
DATABRICKS,analytics:prod_lineage.looker_edges
DATABRICKS,analytics:prod_lineage.looker_nodes
DATABRICKS,analytics:prod_stage.accounts
DATABRICKS,analytics:prod_stage.data_collector
DATABRICKS,analytics:prod_stage.warehouse
DATABRICKS,raw:monolith_export.connections
DBT_USER,analytics.prod_detectors.metric_thresholds_training
DBT_USER,analytics.prod_insights.monitor_recom_dt_fields
DBT_USER,analytics.prod_insights.monitor_recom_fh_tables
DBT_USER,analytics.prod_lineage.spark_lineage_events
DBT_USER,analytics.prod_lineage.spark_nodes
DBT_USER,analytics:prod.active_collectors
DBT_USER,analytics:prod.active_monitors
DBT_USER,analytics:prod.bigquery_cost_summary
DBT_USER,analytics:prod.client_hub
DBT_USER,analytics:prod.client_warehouses
DBT_USER,analytics:prod.customer_360
DBT_USER,analytics:prod.dashboard_usage_stats
DBT_USER,analytics:prod.dataset_stats
DBT_USER,analytics:prod.distinct_query_runs
DBT_USER,analytics:prod.distinct_query_runs_exploded
DBT_USER,analytics:prod.event_details
DBT_USER,analytics:prod.freshness_cycle_data
DBT_USER,analytics:prod.incident_info
DBT_USER,analytics:prod.integrations
DBT_USER,analytics:prod.interim_final_tv_queries
DBT_USER,analytics:prod.interim_qlog
DBT_USER,analytics:prod.interim_qlog_minus_dst_vw
DBT_USER,analytics:prod.interim_qlog_tables
DBT_USER,analytics:prod.interim_tv_qlog_tables_only
DBT_USER,analytics:prod.interim_tv_template_queries
DBT_USER,analytics:prod.interim_tv_templates_duplicated
DBT_USER,analytics:prod.key_table_scores
DBT_USER,analytics:prod.lineage_edges_qlog
DBT_USER,analytics:prod.metric_thresholds_training
DBT_USER,analytics:prod.monitor_job_executions
DBT_USER,analytics:prod.monitor_recom_fields
DBT_USER,analytics:prod.monitor_recom_tables
DBT_USER,analytics:prod.muting_rules
DBT_USER,analytics:prod.notification_integrations
DBT_USER,analytics:prod.qlog_group_basic_stats
DBT_USER,analytics:prod.qlog_group_stats
DBT_USER,analytics:prod.qlog_periodicity_breaks
DBT_USER,analytics:prod.qlog_periodicity_stats
DBT_USER,analytics:prod.qlog_time_deltas
DBT_USER,analytics:prod.query_stats
DBT_USER,analytics:prod.query_trends
DBT_USER,analytics:prod.recent_metrics
DBT_USER,analytics:prod.recent_queries
DBT_USER,analytics:prod.recent_queries_with_tv_queries
DBT_USER,analytics:prod.size_metric_per_table
DBT_USER,analytics:prod.size_update_data
DBT_USER,analytics:prod.suggested_schedules
DBT_USER,analytics:prod.table_access_events
DBT_USER,analytics:prod.table_access_metrics
DBT_USER,analytics:prod.table_anomalies
DBT_USER,analytics:prod.table_cleanup_suggestions
DBT_USER,analytics:prod.table_cyclicity_info
DBT_USER,analytics:prod.table_events
DBT_USER,analytics:prod.table_last_access_times
DBT_USER,analytics:prod.table_metadata
DBT_USER,analytics:prod.table_metric_stats
DBT_USER,analytics:prod.table_metrics
DBT_USER,analytics:prod.table_queries
DBT_USER,analytics:prod.table_query_log_stats
DBT_USER,analytics:prod.table_read_write_stats
DBT_USER,analytics:prod.table_schema
DBT_USER,analytics:prod.table_search_scores
DBT_USER,analytics:prod.table_size_stats
DBT_USER,analytics:prod.table_update_sizes
DBT_USER,analytics:prod.table_update_times
DBT_USER,analytics:prod.table_update_wt_sizes
DBT_USER,analytics:prod.table_views
DBT_USER,analytics:prod.user_stats
DBT_USER,analytics:prod.warehouse_user_stats
DBT_USER,analytics:prod.wildcard_mapping
DBT_USER,analytics:prod_detectors.freq_change_model
DBT_USER,analytics:prod_detectors.freshness_training
DBT_USER,analytics:prod_detectors.metric_status_indicator
DBT_USER,analytics:prod_detectors.metric_thresholds_training
DBT_USER,analytics:prod_detectors.numeric_status_indicator
DBT_USER,analytics:prod_detectors.numeric_thresholds_training
DBT_USER,analytics:prod_insights.insight_cleanup_suggestions
DBT_USER,analytics:prod_insights.insight_custom_rules
DBT_USER,analytics:prod_insights.insight_events
DBT_USER,analytics:prod_insights.insight_key_assets
DBT_USER,analytics:prod_insights.insight_monitors
DBT_USER,analytics:prod_insights.monitor_recom_dt_fields
DBT_USER,analytics:prod_insights.monitor_recom_fh_tables
DBT_USER,analytics:prod_internal_bi_stage.salesforce_account
DBT_USER,analytics:prod_internal_bi_stage.salesforce_opportunity
DBT_USER,analytics:prod_internal_bi_stage.salesforce_opportunity_history
DBT_USER,analytics:prod_internal_bi_stage.salesforce_user
DBT_USER,analytics:prod_lineage.lineage_blocked_nodes
DBT_USER,analytics:prod_lineage.lineage_custom_blocked_nodes
DBT_USER,analytics:prod_lineage.lineage_dbt_tmp_edge_mapping
DBT_USER,analytics:prod_lineage.lineage_dbt_tmp_tables
DBT_USER,analytics:prod_lineage.lineage_dbt_tmp_tables_with_sources
DBT_USER,analytics:prod_lineage.lineage_destinations_with_external_sources
DBT_USER,analytics:prod_lineage.lineage_edges
DBT_USER,analytics:prod_lineage.lineage_edges_edge_mapped
DBT_USER,analytics:prod_lineage.lineage_edges_unique
DBT_USER,analytics:prod_lineage.lineage_external_sources_collapsed_nodes
DBT_USER,analytics:prod_lineage.lineage_external_sources_collapsible_edges
DBT_USER,analytics:prod_lineage.lineage_node_mapping_all
DBT_USER,analytics:prod_lineage.lineage_node_mapping_external_sources
DBT_USER,analytics:prod_lineage.lineage_node_mapping_wildcard
DBT_USER,analytics:prod_lineage.lineage_nodes
DBT_USER,analytics:prod_lineage.lineage_nodes_all
DBT_USER,analytics:prod_lineage.lineage_query_logs
DBT_USER,analytics:prod_lineage.lineage_wildcard_nodes
DBT_USER,analytics:prod_lineage.looker_dashboard_elements
DBT_USER,analytics:prod_lineage.looker_dashboard_nodes
DBT_USER,analytics:prod_lineage.looker_dashboards
DBT_USER,analytics:prod_lineage.looker_explore_nodes
DBT_USER,analytics:prod_lineage.looker_explore_to_dashboard_edges
DBT_USER,analytics:prod_lineage.looker_explore_to_look_edges
DBT_USER,analytics:prod_lineage.looker_explores
DBT_USER,analytics:prod_lineage.looker_explores_from_model
DBT_USER,analytics:prod_lineage.looker_look_nodes
DBT_USER,analytics:prod_lineage.looker_look_to_dashboard_edges
DBT_USER,analytics:prod_lineage.looker_looks
DBT_USER,analytics:prod_lineage.looker_nodes
DBT_USER,analytics:prod_lineage.looker_table_to_view_edges
DBT_USER,analytics:prod_lineage.looker_view_nodes
DBT_USER,analytics:prod_lineage.looker_view_to_dashboard_edges
DBT_USER,analytics:prod_lineage.looker_view_to_explore_edges
DBT_USER,analytics:prod_lineage.looker_view_to_look_edges
DBT_USER,analytics:prod_lineage.looker_view_to_view_edges
DBT_USER,analytics:prod_lineage.looker_views
DBT_USER,analytics:prod_lineage.spark_edges
DBT_USER,analytics:prod_rca.rca_job_execution_stats
DBT_USER,analytics:prod_rca.rca_new_qlog_groups
DBT_USER,analytics:prod_rca.rca_periodicity_breaks
DBT_USER,analytics:prod_rca.rca_query_change
DBT_USER,analytics:prod_stage.accounts
DBT_USER,analytics:prod_stage.anomalies
DBT_USER,analytics:prod_stage.bicontainers
DBT_USER,analytics:prod_stage.connections
DBT_USER,analytics:prod_stage.custom_rules
DBT_USER,analytics:prod_stage.data_collector
DBT_USER,analytics:prod_stage.domains
DBT_USER,analytics:prod_stage.event_muting_rules
DBT_USER,analytics:prod_stage.events
DBT_USER,analytics:prod_stage.incidents
DBT_USER,analytics:prod_stage.job_executions
DBT_USER,analytics:prod_stage.lineage_node_block_patterns
DBT_USER,analytics:prod_stage.monitor_schedules
DBT_USER,analytics:prod_stage.monitors
DBT_USER,analytics:prod_stage.notification_settings
DBT_USER,analytics:prod_stage.rca_jobs
DBT_USER,analytics:prod_stage.tableau_accounts
DBT_USER,analytics:prod_stage.tables
DBT_USER,analytics:prod_stage.users
DBT_USER,analytics:prod_stage.users_history
DBT_USER,analytics:prod_stage.warehouse
DBT_USER,mixpanel:public.mp_master_event
DBT_USER,raw:data_collector_events.metadata
DBT_USER,raw:internal_bi.salesforce_account
DBT_USER,raw:internal_bi.salesforce_opportunity
DBT_USER,raw:internal_bi.salesforce_opportunity_history
DBT_USER,raw:internal_bi.salesforce_user
DBT_USER,raw:monolith_export.accounts
DBT_USER,raw:monolith_export.anomalies
DBT_USER,raw:monolith_export.bicontainers
DBT_USER,raw:monolith_export.connections
DBT_USER,raw:monolith_export.customrules
DBT_USER,raw:monolith_export.data_collector
DBT_USER,raw:monolith_export.datacollector_schedule
DBT_USER,raw:monolith_export.domain
DBT_USER,raw:monolith_export.eventmutingrules
DBT_USER,raw:monolith_export.events
DBT_USER,raw:monolith_export.incidentnotificationstatus
DBT_USER,raw:monolith_export.incidents
DBT_USER,raw:monolith_export.jobexecutions
DBT_USER,raw:monolith_export.lineagenodeblockpatterns
DBT_USER,raw:monolith_export.metric_monitoring
DBT_USER,raw:monolith_export.notificationsettings
DBT_USER,raw:monolith_export.rcajobs
DBT_USER,raw:monolith_export.tableauaccounts
DBT_USER,raw:monolith_export.tablefield
DBT_USER,raw:monolith_export.tableschemaversion
DBT_USER,raw:monolith_export.users
DBT_USER,raw:monolith_export.warehouse
DBT_USER,raw:monolith_export.warehouse_tables
DBT_USER,raw:normalized_events.bi
DBT_USER,raw:normalized_events.custom_rule_exec_log
DBT_USER,raw:normalized_events.metadata
DBT_USER,raw:normalized_events.query_logs
DBT_USER,raw:normalized_events.resolved_metrics
DBT_USER,raw:normalized_events.spark_lineage
DBT_USER,raw:spark.query_logs
DDABUSH,ANALYTICS:DBT_DDABUSH.opportunities
DDABUSH,analytics.dbt_ddabush_internal_bi_stage.salesforce_account
DDABUSH,analytics.dbt_ddabush_internal_bi_stage.salesforce_opportunity
DDABUSH,analytics.dbt_ddabush_internal_bi_stage.salesforce_opportunity_history
DDABUSH,analytics.dbt_ddabush_internal_bi_stage.salesforce_user
DDABUSH,analytics:dbt_ddabush.clients_logos
DDABUSH,analytics:dbt_ddabush.incident_flow
DDABUSH,analytics:dbt_ddabush.incident_info
DDABUSH,analytics:dbt_ddabush.rca_compute_time
DDABUSH,analytics:dbt_ddabush.recent_queries
DDABUSH,analytics:dbt_ddabush_internal_bi_stage.salesforce_account
DDABUSH,analytics:dbt_ddabush_internal_bi_stage.salesforce_full_stages_opportunities
DDABUSH,analytics:dbt_ddabush_internal_bi_stage.salesforce_opportunity
DDABUSH,analytics:dbt_ddabush_internal_bi_stage.salesforce_opportunity_history
DDABUSH,analytics:dbt_ddabush_internal_bi_stage.salesforce_user
DDABUSH,analytics:dbt_ddabush_rca.rca_compute_time
DDABUSH,analytics:dbt_ddabush_rca.rca_job_execution_stats
DDABUSH,analytics:dbt_epardes_test_salesforce.accounts
DDABUSH,analytics:dbt_epardes_test_salesforce.contacts
DDABUSH,analytics:dbt_epardes_test_salesforce.opportunities
DDABUSH,analytics:dbt_epardes_test_salesforce.opportunityhistory
DDABUSH,analytics:dbt_epardes_test_salesforce.users
DDABUSH,analytics:prod.client_hub
DDABUSH,analytics:prod.client_warehouses
DDABUSH,analytics:prod.event_details
DDABUSH,analytics:prod.field_data_info
DDABUSH,analytics:prod.incident_flow
DDABUSH,analytics:prod.incident_info
DDABUSH,analytics:prod.mixpanel_master_event
DDABUSH,analytics:prod.muting_rules
DDABUSH,analytics:prod.query_cost_summary
DDABUSH,analytics:prod.querys_cost_summary
DDABUSH,analytics:prod.rca_job_execution_stats
DDABUSH,analytics:prod.recent_metrics
DDABUSH,analytics:prod.recent_queries
DDABUSH,analytics:prod.table_events
DDABUSH,analytics:prod.table_metadata
DDABUSH,analytics:prod.table_update_sizes
DDABUSH,analytics:prod.table_update_times
DDABUSH,analytics:prod_insights.insight_custom_rules
DDABUSH,analytics:prod_insights.insight_events
DDABUSH,analytics:prod_insights.insight_monitors
DDABUSH,analytics:prod_insights.insight_query_runtime_trends
DDABUSH,analytics:prod_insights.insight_rca_query_change
DDABUSH,analytics:prod_insights.insight_table_read_write_stats
DDABUSH,analytics:prod_insights.insights_catalog
DDABUSH,analytics:prod_internal_bi_stage.salesforce_account
DDABUSH,analytics:prod_internal_bi_stage.salesforce_opportunity
DDABUSH,analytics:prod_rca.rca_compute_time
DDABUSH,analytics:prod_rca.rca_job_execution_stats
DDABUSH,analytics:prod_stage.accounts
DDABUSH,analytics:prod_stage.event_muting_rules
DDABUSH,analytics:prod_stage.incidents
DDABUSH,analytics:prod_stage.users
DDABUSH,mixpanel:public.mp_identity_mappings_data
DDABUSH,mixpanel:public.mp_identity_mappings_data_raw
DDABUSH,mixpanel:public.mp_master_event
DDABUSH,mixpanel:public.mp_people_data
DDABUSH,raw:internal_bi.salesforce_account
DDABUSH,raw:internal_bi.salesforce_opportunity
DDABUSH,raw:internal_bi.salesforce_opportunity_history
DDABUSH,raw:internal_bi.salesforce_user
DDABUSH,raw:internal_bi_salesforce.account
DDABUSH,raw:monolith_export.accounts
DDABUSH,raw:monolith_export.incidentnotificationstatus
DDABUSH,raw:monolith_export.notificationsettings
DDABUSH,raw:monolith_export.users
DDABUSH,raw:monolith_export.warehouse
DDABUSH,raw:spark.query_logs
EARIELI,analytics:dbt_apeltinovich.recent_queries
EARIELI,analytics:dbt_apeltinovich.size_metric_per_table
EARIELI,analytics:dbt_apeltinovich.table_events
EARIELI,analytics:dbt_apeltinovich.table_metadata
EARIELI,analytics:dbt_apeltinovich.table_update_wt_sizes
EARIELI,analytics:dbt_apeltinovich.user_stats
EARIELI,analytics:dbt_apeltinovich.warehouse_user_stats
EARIELI,analytics:dbt_circle.active_monitors
EARIELI,analytics:dbt_circle.recent_metrics
EARIELI,analytics:dbt_circle.suggested_schedules
EARIELI,analytics:dbt_circle.table_metadata
EARIELI,analytics:dbt_circle.table_update_sizes
EARIELI,analytics:dbt_circle_detectors.metric_status_indicator
EARIELI,analytics:dbt_circle_detectors.numeric_status_indicator
EARIELI,analytics:prod.active_monitors
EARIELI,analytics:prod.client_warehouses
EARIELI,analytics:prod.metric_thresholds_training
EARIELI,analytics:prod.recent_metrics
EARIELI,analytics:prod.recent_queries
EARIELI,analytics:prod.size_metric_per_table
EARIELI,analytics:prod.suggested_schedules
EARIELI,analytics:prod.table_events
EARIELI,analytics:prod.table_metadata
EARIELI,analytics:prod.table_update_sizes
EARIELI,analytics:prod.table_update_times
EARIELI,analytics:prod.table_update_wt_sizes
EARIELI,analytics:prod.unchanged_size_training
EARIELI,analytics:prod.warehouse_user_stats
EARIELI,analytics:prod_detectors.field_health_thresholds
EARIELI,analytics:prod_detectors.freq_change_model
EARIELI,analytics:prod_detectors.freshness_training
EARIELI,analytics:prod_detectors.metric_status_indicator
EARIELI,analytics:prod_detectors.numeric_status_indicator
EARIELI,analytics:prod_detectors.numeric_thresholds_training
EARIELI,analytics:prod_detectors.rc_anom_training
EARIELI,analytics:prod_detectors.size_thresholds
EARIELI,analytics:prod_insights.insight_monitor_issues_and_solutions
EARIELI,analytics:prod_stage.monitors
EARIELI,analytics:prod_stage.warehouse
EARIELI,raw:monolith_export.customrules
EARIELI,raw:normalized_events.resolved_metrics
EPARDES,@ui1637247778104
EPARDES,@ui1637247826487
EPARDES,@ui1637247898604
EPARDES,@ui1637247929166
EPARDES,@ui1637247953961
EPARDES,@ui1637247987271
EPARDES,@ui1637248014279
EPARDES,@ui1637248035953
EPARDES,@ui1637851789115
EPARDES,@ui1637852129682
EPARDES,@ui1637852153104
EPARDES,@ui1637852178904
EPARDES,@ui1637852336839
EPARDES,@ui1637852441449
EPARDES,@ui1637882708537
EPARDES,analytics.dbt_epardes_dev.tmp_data_collector_events_metadata_19nov
EPARDES,analytics.dbt_epardes_dev_detectors.size_thresholds
EPARDES,analytics.dbt_epardes_dev_insights.monitor_recom_dt_fields
EPARDES,analytics.dbt_epardes_dev_insights.monitor_recom_fh_tables
EPARDES,analytics.dbt_epardes_prod.monitor_recom_fields
EPARDES,analytics.dbt_epardes_prod.monitor_recom_tables
EPARDES,analytics.dbt_epardes_prod.table_schema
EPARDES,analytics.dbt_epardes_prod_insights.insight_monitor_recom_fh_tables
EPARDES,analytics:dbt_epardes_dev.client_hub
EPARDES,analytics:dbt_epardes_dev.freshness_cycle_data
EPARDES,analytics:dbt_epardes_dev.monitor_recom_fields
EPARDES,analytics:dbt_epardes_dev.monitor_recom_tables
EPARDES,analytics:dbt_epardes_dev.recent_metrics
EPARDES,analytics:dbt_epardes_dev.size_metric_per_table
EPARDES,analytics:dbt_epardes_dev.size_update_data
EPARDES,analytics:dbt_epardes_dev.table_metadata
EPARDES,analytics:dbt_epardes_dev.table_schema
EPARDES,analytics:dbt_epardes_dev.table_update_sizes
EPARDES,analytics:dbt_epardes_dev.table_update_wt_sizes
EPARDES,analytics:dbt_epardes_dev.tmp_normalized_events_metadata_19nov
EPARDES,analytics:dbt_epardes_dev.unchanged_size_training
EPARDES,analytics:dbt_epardes_dev_detectors.freshness_thresholds
EPARDES,analytics:dbt_epardes_dev_detectors.freshness_training
EPARDES,analytics:dbt_epardes_dev_detectors.rc_anom_training
EPARDES,analytics:dbt_epardes_dev_insights.insight_monitor_recom_fh_tables
EPARDES,analytics:dbt_epardes_dev_insights.internal_insight_monitor_recom_dt_fields
EPARDES,analytics:dbt_epardes_dev_insights.monitor_recom_dt_fields
EPARDES,analytics:dbt_epardes_dev_insights.monitor_recom_fh_tables
EPARDES,analytics:dbt_epardes_dev_stage.accounts
EPARDES,analytics:dbt_epardes_prod.client_hub
EPARDES,analytics:dbt_epardes_prod.table_metadata
EPARDES,analytics:dbt_epardes_prod.table_query_log_stats
EPARDES,analytics:prod.client_warehouses
EPARDES,analytics:prod.freshness_cycle_data
EPARDES,analytics:prod.key_table_scores
EPARDES,analytics:prod.monitor_recom_fields
EPARDES,analytics:prod.monitor_recom_tables
EPARDES,analytics:prod.read_write_stats
EPARDES,analytics:prod.recent_metrics
EPARDES,analytics:prod.recent_queries
EPARDES,analytics:prod.size_update_data
EPARDES,analytics:prod.table_metadata
EPARDES,analytics:prod.table_metrics
EPARDES,analytics:prod.table_query_log_stats
EPARDES,analytics:prod.table_schema
EPARDES,analytics:prod.table_update_sizes
EPARDES,analytics:prod.table_update_times
EPARDES,analytics:prod.table_update_wt_sizes
EPARDES,analytics:prod.user_data
EPARDES,analytics:prod_detectors.freq_change_model
EPARDES,analytics:prod_detectors.freshness_thresholds
EPARDES,analytics:prod_detectors.size_thresholds
EPARDES,analytics:prod_insights.insight_monitor_recom_dt_fields
EPARDES,analytics:prod_insights.insight_monitor_recom_fh_tables
EPARDES,analytics:prod_insights.internal_insight_monitor_recom_dt_fields
EPARDES,analytics:prod_insights.internal_insight_monitor_recom_fh_tables
EPARDES,analytics:prod_insights.monitor_recom_dt_fields
EPARDES,analytics:prod_insights.monitor_recom_fh_tables
EPARDES,analytics:prod_insights.to_monolith_insight_monitor_recom_dt_fields
EPARDES,analytics:prod_stage.accounts
EPARDES,analytics:prod_stage.events
EPARDES,analytics:prod_stage.incidents
EPARDES,analytics:prod_stage.monitors
EPARDES,analytics:prod_stage.tables
EPARDES,analytics:prod_stage.warehouse
EPARDES,file-1149364383-2021-11-25t144118-1149546725-2021-11-25t144117-1178083837-2021-11-25t144116
EPARDES,file-1206873443-2021-11-25t144127-1207023297-2021-11-25t144125-1235588030-2021-11-25t144124-1235773472-2021-11-25t144123-1264309313-2021-11-25t144122-1894026945-2021-11-25t144122-1894184487-2021-11-25t144121-1922691498-2021-11-25t144120
EPARDES,file-23990585-2021-11-18t144554-24172400-2021-11-18t144554-52705265-2021-11-18t1445544489456-2021-11-18t144554-81193211-2021-11-18t144553-711146133-2021-11-18t144552-739658786-2021-11-18t144550-739867354-2021-11-18t144550
EPARDES,file-824846713-2021-11-18t144548-853332613-2021-11-18t144547-881871430-2021-11-18t144547
EPARDES,file1459225610-2021-11-25t144113
EPARDES,file1529062916-2021-11-18t144552
EPARDES,file1693155282-2021-11-25t144122
EPARDES,file1723901102-2021-11-25t144118
EPARDES,file462528311-2021-11-18t144547
EPARDES,file976430321-2021-11-18t144545
EPARDES,mixpanel:public.mp_master_event
EPARDES,mixpanel:public.mp_master_event_raw
EPARDES,montecarlodata_shared.prod_insights.insight_key_assets_clone
EPARDES,montecarlodata_shared.prod_insights.key_assets
EPARDES,montecarlodata_shared.prod_insights.shares_accounts_mapping
EPARDES,raw.@public.internal_bi_salesforce_stagedev-saas-internal-bi-appflowsalesforceleadexportflow
EPARDES,raw.@public.internal_bi_salesforce_stagedev-saas-internal-bi-appflowsalesforceuserexportflow
EPARDES,raw.@public.internal_bi_salesforce_stageprod-saas-internal-bi-appflowsalesforceaccountexportflow
EPARDES,raw.@public.internal_bi_salesforce_stageprod-saas-internal-bi-appflowsalesforcecontactexportflow
EPARDES,raw.@public.internal_bi_salesforce_stageprod-saas-internal-bi-appflowsalesforceleadexportflow
EPARDES,raw.@public.internal_bi_salesforce_stageprod-saas-internal-bi-appflowsalesforceopportunityexportflow
EPARDES,raw.@public.internal_bi_salesforce_stageprod-saas-internal-bi-appflowsalesforceopportunityhistoryexportflow
EPARDES,raw.@public.internal_bi_salesforce_stageprod-saas-internal-bi-appflowsalesforceopportunitystageexportflow
EPARDES,raw.@public.internal_bi_salesforce_stageprod-saas-internal-bi-appflowsalesforceuserexportflow
EPARDES,raw.internal_bi.account
EPARDES,raw.internal_bi.contact
EPARDES,raw.internal_bi.lead
EPARDES,raw.internal_bi.opportunity
EPARDES,raw.internal_bi.opportunity_history
EPARDES,raw.internal_bi.opportunity_stage
EPARDES,raw.internal_bi.user
EPARDES,raw.internal_bi_salesforce.account
EPARDES,raw.internal_bi_salesforce.contact
EPARDES,raw.internal_bi_salesforce.lead
EPARDES,raw.internal_bi_salesforce.opportunity
EPARDES,raw.internal_bi_salesforce.opportunity_history
EPARDES,raw.internal_bi_salesforce.opportunity_stage
EPARDES,raw.internal_bi_salesforce.user
EPARDES,raw:internal_bi.salesforce_account
EPARDES,raw:internal_bi.salesforce_opportunity_stage
EPARDES,raw:internal_bi.salesforce_user
EPARDES,raw:monolith_export.accounts
EPARDES,raw:monolith_export.customrules
EPARDES,raw:monolith_export.tablefield
EPARDES,raw:monolith_export.tableschemaversion
EPARDES,raw:normalized_events.metadata
EPARDES,raw:spark.query_logs
EPARDES,snowflake.account_usage.data_transfer_history
EPARDES,snowflake.account_usage.database_storage_usage_history
EPARDES,snowflake.account_usage.metering_history
EPARDES,snowflake.account_usage.stage_storage_usage_history
EPYATT,analytics:prod.client_hub
EPYATT,analytics:prod.client_warehouses
EPYATT,analytics:prod.event_details
EPYATT,analytics:prod.mixpanel_master_event
EPYATT,analytics:prod.monitor_issues_and_suggestions
EPYATT,analytics:prod.recent_metrics
EPYATT,analytics:prod.recent_queries
EPYATT,analytics:prod.table_events
EPYATT,analytics:prod_detectors.freshness_training
EPYATT,analytics:prod_insights.insight_events
EPYATT,analytics:prod_insights.insight_key_assets
EPYATT,analytics:prod_insights.insight_monitor_issues_and_solutions
EPYATT,analytics:prod_rca.rca_job_execution_stats
EPYATT,mixpanel:public.mp_identity_mappings_data
EPYATT,mixpanel:public.mp_master_event
GGRUSHKA,analytics:prod.active_collectors
GGRUSHKA,analytics:prod.client_hub
GGRUSHKA,analytics:prod.client_warehouses
GGRUSHKA,analytics:prod.muting_rules
GGRUSHKA,analytics:prod.recent_metrics
GGRUSHKA,analytics:prod.table_metadata
GGRUSHKA,analytics:prod_insights.insights_catalog
GGRUSHKA,analytics:prod_stage.warehouse
GGRUSHKA,raw.information_schema.external_tables
GGRUSHKA,raw.information_schema.stages
GGRUSHKA,raw:data_collector_events.job_status
GGRUSHKA,raw:data_collector_events.query_logs
GGRUSHKA,raw:monolith_export.lineagenodeblockpatterns
GGRUSHKA,raw:normalized_events.dc_logs
GGRUSHKA,raw:normalized_events.metadata
GGRUSHKA,raw:normalized_events.metrics
GGRUSHKA,raw:normalized_events.query_logs
GGRUSHKA,raw:normalized_events.resolved_metrics
GGRUSHKA,raw:spark.query_logs
IBLEIER_DEV,analytics:prod.client_warehouses
IBLEIER_DEV,analytics:prod.recent_metrics
IBLEIER_DEV,raw:normalized_events.metadata
JTOBISEK,analytics:dbt_epardes_dev_stage.salesforce_accounts_single_batch
JTOBISEK,analytics:dbt_epardes_test_salesforce.accounts
JTOBISEK,analytics:dbt_epardes_test_salesforce.users
JTOBISEK,analytics:prod.active_collectors
JTOBISEK,analytics:prod.client_warehouses
JTOBISEK,analytics:prod.freshness_training
JTOBISEK,analytics:prod.recent_metrics
JTOBISEK,analytics:prod_detectors.freshness_thresholds
JTOBISEK,analytics:prod_detectors.size_thresholds
JTOBISEK,analytics:prod_internal_bi_stage.salesforce_account
JTOBISEK,analytics:regression_tests.rca_test_1
JTOBISEK,raw.information_schema.external_tables
JTOBISEK,raw.information_schema.stages
JTOBISEK,raw:data_collector_events.event_query_log
JTOBISEK,raw:data_collector_events.query_logs
JTOBISEK,raw:normalized_events.dc_logs
JTOBISEK,raw:normalized_events.query_logs
KNOONAN,analytics:prod.client_warehouses
KNOONAN,analytics:prod.key_table_scores
KNOONAN,analytics:prod.recent_metrics
KNOONAN,analytics:prod.table_metrics
KNOONAN,analytics:prod.table_query_log_stats
KNOONAN,analytics:prod.table_update_times
KNOONAN,analytics:prod_lineage.looker_nodes
KNOONAN,analytics:prod_stage.warehouse
KNOONAN,raw:data_collector_events.bi_metadata
KNOONAN,raw:data_collector_events.job_status
KNOONAN,raw:data_collector_events.query_logs
KNOONAN,raw:normalized_events.bi
KNOONAN,raw:normalized_events.query_logs
LGAVISH_DEV,analytics:prod_stage.monitors
LOOKER,ANALYTICS:DBT_DDABUSH.opportunities
LOOKER,analytics.information_schema.columns
LOOKER,analytics.information_schema.tables
LOOKER,analytics:dbt_ddabush.rca_client_compute
LOOKER,analytics:dbt_ddabush_internal_bi_stage.salesforce_account
LOOKER,analytics:dbt_ddabush_internal_bi_stage.salesforce_opportunity
LOOKER,analytics:prod.active_collectors
LOOKER,analytics:prod.active_monitors
LOOKER,analytics:prod.bigquery_cost_summary
LOOKER,analytics:prod.client_hub
LOOKER,analytics:prod.client_warehouses
LOOKER,analytics:prod.customer_360
LOOKER,analytics:prod.event_details
LOOKER,analytics:prod.field_data_info
LOOKER,analytics:prod.incident_flow
LOOKER,analytics:prod.incident_info
LOOKER,analytics:prod.integrations
LOOKER,analytics:prod.key_table_scores
LOOKER,analytics:prod.mixpanel_master_event
LOOKER,analytics:prod.monitor_issues_and_suggestions
LOOKER,analytics:prod.notification_integrations
LOOKER,analytics:prod.query_cost_summary
LOOKER,analytics:prod.query_summary
LOOKER,analytics:prod.querys_cost_summary
LOOKER,analytics:prod.recent_metrics
LOOKER,analytics:prod.status_page_dashboard_incidents_history
LOOKER,analytics:prod.status_page_dashboards_info
LOOKER,analytics:prod.table_cyclicity_info
LOOKER,analytics:prod.table_events
LOOKER,analytics:prod.table_metadata
LOOKER,analytics:prod.table_size_change_dist
LOOKER,analytics:prod.warehouse_user_stats
LOOKER,analytics:prod_detectors.metric_status_indicator
LOOKER,analytics:prod_detectors.numeric_status_indicator
LOOKER,analytics:prod_insights.insight_custom_rules
LOOKER,analytics:prod_insights.insight_events
LOOKER,analytics:prod_internal_bi.salesforce_full_stages_opportunities
LOOKER,analytics:prod_internal_bi_stage.salesforce_account
LOOKER,analytics:prod_internal_bi_stage.salesforce_opportunity
LOOKER,analytics:prod_rca.rca_compute_time
LOOKER,analytics:prod_rca.rca_job_execution_stats
LOOKER,analytics:prod_stage.custom_rules
LOOKER,analytics:prod_stage.incidents
LOOKER,analytics:prod_stage.users
LOOKER,analytics:prod_stage.warehouse
LOOKER,mixpanel:public.mp_identity_mappings_data
LOOKER,mixpanel:public.mp_master_event
MDEDIANA,analytics:prod.active_collectors
MDEDIANA,analytics:prod.client_hub
MDEDIANA,analytics:prod.client_warehouses
MDEDIANA,analytics:prod.integrations
MDEDIANA,analytics:prod.key_table_scores
MDEDIANA,raw.public.tmp_metadata
MDEDIANA,raw.public.tmp_metadata_2
MDEDIANA,raw:data_collector_events.event_metadata
MDEDIANA,raw:normalized_events.metadata
MDEDIANA,raw:normalized_events.metadata_event_resolution
MONTE_CARLO_USER,analytics.information_schema.columns
MONTE_CARLO_USER,analytics.information_schema.tables
MONTE_CARLO_USER,analytics:dbt_aliu.active_collectors
MONTE_CARLO_USER,analytics:dbt_aliu.client_hub
MONTE_CARLO_USER,analytics:dbt_circle.muting_rules
MONTE_CARLO_USER,analytics:dbt_circle.recent_metrics
MONTE_CARLO_USER,analytics:dbt_circle.recent_queries
MONTE_CARLO_USER,analytics:dbt_pc.active_monitors
MONTE_CARLO_USER,analytics:prod.active_monitors
MONTE_CARLO_USER,analytics:prod.bigquery_cost_summary
MONTE_CARLO_USER,analytics:prod.client_hub
MONTE_CARLO_USER,analytics:prod.client_warehouses
MONTE_CARLO_USER,analytics:prod.customer_360
MONTE_CARLO_USER,analytics:prod.key_table_scores
MONTE_CARLO_USER,analytics:prod.qlog_group_basic_stats
MONTE_CARLO_USER,analytics:prod.qlog_group_stats
MONTE_CARLO_USER,analytics:prod.query_trends
MONTE_CARLO_USER,analytics:prod.recent_metrics
MONTE_CARLO_USER,analytics:prod.recent_queries
MONTE_CARLO_USER,analytics:prod.table_anomalies
MONTE_CARLO_USER,analytics:prod.table_events
MONTE_CARLO_USER,analytics:prod.table_last_access_times
MONTE_CARLO_USER,analytics:prod.table_metadata
MONTE_CARLO_USER,analytics:prod.table_metrics
MONTE_CARLO_USER,analytics:prod.table_schema
MONTE_CARLO_USER,analytics:prod.table_update_sizes
MONTE_CARLO_USER,analytics:prod.table_update_times
MONTE_CARLO_USER,analytics:prod.warehouse_user_stats
MONTE_CARLO_USER,analytics:prod_insights.insight_cleanup_suggestions
MONTE_CARLO_USER,analytics:prod_lineage.lineage_edges_mapped
MONTE_CARLO_USER,analytics:prod_lineage.lineage_nodes_all
MONTE_CARLO_USER,analytics:prod_lineage.looker_dashboard_nodes
MONTE_CARLO_USER,analytics:prod_lineage.looker_edges
MONTE_CARLO_USER,analytics:prod_lineage.looker_views
MONTE_CARLO_USER,analytics:prod_stage.anomalies
MONTE_CARLO_USER,analytics:prod_stage.monitor_schedules
MONTE_CARLO_USER,analytics:prod_stage.tables
MONTE_CARLO_USER,analytics:prod_stage.warehouse
MONTE_CARLO_USER,mixpanel.information_schema.columns
MONTE_CARLO_USER,mixpanel.information_schema.tables
MONTE_CARLO_USER,mixpanel:public.mp_identity_mappings_data
MONTE_CARLO_USER,mixpanel:public.mp_master_event
MONTE_CARLO_USER,raw.information_schema.columns
MONTE_CARLO_USER,raw.information_schema.tables
MONTE_CARLO_USER,raw:data_collector_events.bi_metadata
MONTE_CARLO_USER,raw:monolith_export.users
MONTE_CARLO_USER,raw:normalized_events.bi
MONTE_CARLO_USER,raw:spark.query_logs
MONTE_CARLO_USER,snowflake.account_usage.copy_history
MONTE_CARLO_USER,snowflake.account_usage.query_history
PCHAWLA_DEV,analytics:prod.active_collectors
PCHAWLA_DEV,analytics:prod.client_hub
RKEARNS,analytics:prod.active_monitors
RKEARNS,analytics:prod.client_warehouses
RKEARNS,analytics:prod.event_details
RKEARNS,analytics:prod.recent_metrics
RKEARNS,analytics:prod.table_events
RKEARNS,analytics:prod_detectors.numeric_thresholds
RKEARNS,analytics:prod_stage.events
RKEARNS,analytics:prod_stage.incidents
USHAHAR,analytics:prod.client_hub
USHAHAR,analytics:prod_stage.accounts
USHAHAR,mixpanel:public.mp_master_event
USHAHAR,raw:internal_bi.salesforce_opportunity
WORKSHEETS_APP_USER,file0003a49143206235a366812a3e78f395
WORKSHEETS_APP_USER,file0071b75f69a89b43a534a207290fc1ac
WORKSHEETS_APP_USER,file01101b2437124c4e73883252e11ddbb8
WORKSHEETS_APP_USER,file01fe516015687d29481b32f84575efd5
WORKSHEETS_APP_USER,file02a9fb569a14d9321856914cd4a5fb4e
WORKSHEETS_APP_USER,file02ef6f341b69169e30eff1be2952ff66
WORKSHEETS_APP_USER,file031501255d87d05e5ae7182d78fd49b2
WORKSHEETS_APP_USER,file03c9bc80d74ae4acc19e0b1d5a4afa7e
WORKSHEETS_APP_USER,file04a0fdc0a88e23054ad4e4f6ba456f13
WORKSHEETS_APP_USER,file056550b814e473043180a126935e6264
WORKSHEETS_APP_USER,file0566054e92ecd268063fc01222294a99
WORKSHEETS_APP_USER,file0596d365f9cc807bb532763d399dfe0a
WORKSHEETS_APP_USER,file05cf331215d3d1871603a07f7c12aaf1
WORKSHEETS_APP_USER,file061c80cabb6745b7e99e905026ac7cc3
WORKSHEETS_APP_USER,file062af3818c5904743433f5c8131c3a7f
WORKSHEETS_APP_USER,file06a9d81e1bea54a537a4ad6145c8bc42
WORKSHEETS_APP_USER,file06b8232cad4bf8a010dff72eaa95104d
WORKSHEETS_APP_USER,file078e364f7776710afaab609fae1dc1af
WORKSHEETS_APP_USER,file07d636662496c1842540e6dc1e101f00
WORKSHEETS_APP_USER,file07e3c0ba8235d7d6d27f0391e159244e
WORKSHEETS_APP_USER,file094fa575b0d78f94c61d22ce31f365c6
WORKSHEETS_APP_USER,file0984aba06159467fe81e35dd48f88b5f
WORKSHEETS_APP_USER,file0a248541ba150eca6ef95b06411164ff
WORKSHEETS_APP_USER,file0a320f9c077490de1c0ab2090ff991d0
WORKSHEETS_APP_USER,file0a97973099600cd21f28fcdd5f55006d
WORKSHEETS_APP_USER,file0b43fcf96258d7b250cdb1a96ff30ed0
WORKSHEETS_APP_USER,file0bc84d7f8f4ef2291203ae26f5de7fe8
WORKSHEETS_APP_USER,file0d9e6d580408fa7db50d9e5f54af667c
WORKSHEETS_APP_USER,file0ead2cbae45de0e52923ee3805ad2da7
WORKSHEETS_APP_USER,file0f159ba15920844f3df2099be8a460ba
WORKSHEETS_APP_USER,file0ff584b559bbcb2a4acfa08c21c92f62
WORKSHEETS_APP_USER,file1001f0af15c522e2f124d18979fd95d9
WORKSHEETS_APP_USER,file10ddebd352b95b9377fe3b5a11710309
WORKSHEETS_APP_USER,file126c171870c61e8c2e2d29c8a0d4c153
WORKSHEETS_APP_USER,file129cc08bce30b581e424f9aba38376e8
WORKSHEETS_APP_USER,file12a5c532695e194da690d96ae2bf7d23
WORKSHEETS_APP_USER,file136668abd8c873ae32f0bbd8830ec0d1
WORKSHEETS_APP_USER,file139859b586a0764be4f0e4b75ce2be81
WORKSHEETS_APP_USER,file14253aa243c6b85993c331df4d810c97
WORKSHEETS_APP_USER,file153aeb4abd474662309de820d03b694d
WORKSHEETS_APP_USER,file1579d1d73fb8312a8acc6b4cf5937b7b
WORKSHEETS_APP_USER,file160a83aa01b3515d33a2a6539ca5b72a
WORKSHEETS_APP_USER,file179152aa5aa64103c4e66013977e967f
WORKSHEETS_APP_USER,file17acc180de1f510c0c1196c2ce1ec1ba
WORKSHEETS_APP_USER,file181be7cb5a0c97a63e0d1391d30f6639
WORKSHEETS_APP_USER,file1866502383da1f46b16e8de4f4e36920
WORKSHEETS_APP_USER,file18f75f35db058bcf525a95293527dc52
WORKSHEETS_APP_USER,file1912f1106c8911bb1a0bea9b86fc6ac6
WORKSHEETS_APP_USER,file1b4a5ba915200c481f2d59bbbdf50354
WORKSHEETS_APP_USER,file1b5062aa84c513a454025c3db06cf72c
WORKSHEETS_APP_USER,file1b80d53351c718a6a54069dd726e4c80
WORKSHEETS_APP_USER,file1cfd45fa9b68f6b344fe436327c67b9c
WORKSHEETS_APP_USER,file1d4e34af9ef702f51f8781abb76f11bf
WORKSHEETS_APP_USER,file1e7b35f32c24b751eabd0599ef0d8c88
WORKSHEETS_APP_USER,file1e9afed4c63f75d1dbd53dc1e2487cc7
WORKSHEETS_APP_USER,file1fa456f52a801ccc452c98642aa15b7b
WORKSHEETS_APP_USER,file1fea45fe8160affb89798315826b25e1
WORKSHEETS_APP_USER,file21bc3fdbe454e59b81af35cdcd8d16a4
WORKSHEETS_APP_USER,file21ced5fc0d5a81b59bfb633c3de791fe
WORKSHEETS_APP_USER,file22f1f75d1836ed6fb3614822fb4e60ef
WORKSHEETS_APP_USER,file23b42cde87e147d60b7be685496fb128
WORKSHEETS_APP_USER,file23be473bf2014d3565531856304279dd
WORKSHEETS_APP_USER,file23ce8cbd9eedb15556301c95697021a1
WORKSHEETS_APP_USER,file25beade093fa3b919194ac78f9840b67
WORKSHEETS_APP_USER,file264282069795191f1c8c792d0589a748
WORKSHEETS_APP_USER,file2656cdef42fb2aa5318dd2f16b28c845
WORKSHEETS_APP_USER,file266292603ca60fa22b3090052b911cfa
WORKSHEETS_APP_USER,file27ddacba3776c8f8a901543aef4fc367
WORKSHEETS_APP_USER,file27e46d5041fc5bebf4c6198a93df637f
WORKSHEETS_APP_USER,file27f40643cb7cc43de2c7a0d6b26bf06b
WORKSHEETS_APP_USER,file284dcfdc472717fa1ac3b0f2abf7e6ba
WORKSHEETS_APP_USER,file2927f5ffc4cccb404f7ee7dd6c4e2888
WORKSHEETS_APP_USER,file29738c93da00f53022336ec07291ff11
WORKSHEETS_APP_USER,file2996af004456982f5e7b85716be057f1
WORKSHEETS_APP_USER,file29e9633efdcc3491b7892f76dd7662ed
WORKSHEETS_APP_USER,file2a9b127041bfd0d2852f562e6e2101ba
WORKSHEETS_APP_USER,file2aff4a1d2065abbf94884f950aa040f2
WORKSHEETS_APP_USER,file2b0cb42bb1ee7ecc1f48093758c1d975
WORKSHEETS_APP_USER,file2b7078a228eb9980ac54443b3f2c90fb
WORKSHEETS_APP_USER,file2cd4e22bda07e52adf8d819867e2504f
WORKSHEETS_APP_USER,file2def0cfe35bfba3c325b61e1c60f97b3
WORKSHEETS_APP_USER,file2e57f0044bc187516d7984c4755366c3
WORKSHEETS_APP_USER,file2efbf22fc3da20c6223aa08c77173c14
WORKSHEETS_APP_USER,file2f4a6a2d3cea9918cb1334857d75e9ee
WORKSHEETS_APP_USER,file2fb541a10cc85737c503a5fdb37c07d4
WORKSHEETS_APP_USER,file308b5db87290f0dd84bcd3a0081a908f
WORKSHEETS_APP_USER,file323c35ea4d4e34710820de9eafc6c90c
WORKSHEETS_APP_USER,file32ae0a45428b7c6916f9845ef7f16922
WORKSHEETS_APP_USER,file32d561a5828952262d4d3ad91f69a644
WORKSHEETS_APP_USER,file334eea4d8de26b025113a9606d2d8cd2
WORKSHEETS_APP_USER,file336bc3f952c9c6dafdfafe9277b5c58b
WORKSHEETS_APP_USER,file33c91d458849c8d3a9c8cb1e2f068b4a
WORKSHEETS_APP_USER,file33f85b834b9ad185740e849f1d50df87
WORKSHEETS_APP_USER,file34aea9f30bbb6207386af7fe279efef1
WORKSHEETS_APP_USER,file34b71140a9aa003f362bc9d88dfd2ffa
WORKSHEETS_APP_USER,file360c01c66394a9c156a59ae282c92671
WORKSHEETS_APP_USER,file362e4747bbeed983a727ea9313d88a3c
WORKSHEETS_APP_USER,file36951026bec70d3466474b0c6d243f76
WORKSHEETS_APP_USER,file392effaf2d906c9ab522da4200004868
WORKSHEETS_APP_USER,file398975bceeb07bd0435a52883a53198f
WORKSHEETS_APP_USER,file3a176e21c04a9a955c526a4dcbd3521c
WORKSHEETS_APP_USER,file3a565713445d3b5a838e27689e0c1856
WORKSHEETS_APP_USER,file3aa3001cce526676844896adc841b40e
WORKSHEETS_APP_USER,file3b413e33ef47ad942bf999c99085e00d
WORKSHEETS_APP_USER,file3cd26cd3a3153093b09188411372248b
WORKSHEETS_APP_USER,file3d3c69f70fd9b5812e9bebbac810b0e7
WORKSHEETS_APP_USER,file3d48ba50d0202f30c28768e509db099e
WORKSHEETS_APP_USER,file3d83ea446da2f4a2e9708d75403ce271
WORKSHEETS_APP_USER,file3fd092ba26e5b7ab2ca910372733fd0d
WORKSHEETS_APP_USER,file3fed9fecf78694c6832013ecacc2b5f6
WORKSHEETS_APP_USER,file40d9fc2ece7ac2ac8c6bd51fc853a840
WORKSHEETS_APP_USER,file4124a77df1ae4466775beb5178b1ae56
WORKSHEETS_APP_USER,file42142b69350da043b160590a4648a700
WORKSHEETS_APP_USER,file42335cd7b3046108d5af9ea25f0a0803
WORKSHEETS_APP_USER,file42834029bc28084243a1fe5ce68bc9a8
WORKSHEETS_APP_USER,file42b103c72037891351f746a744df4ad3
WORKSHEETS_APP_USER,file42f13782c4938b3193c139feff4f630e
WORKSHEETS_APP_USER,file433a7941d9aa25465e3cbc65d61fe147
WORKSHEETS_APP_USER,file43442162dca0ad651cad13882e9d82dd
WORKSHEETS_APP_USER,file43f852abf0dc10bed64a3a524f09e918
WORKSHEETS_APP_USER,file442a56c582fa7dd56d7d38af56f71afc
WORKSHEETS_APP_USER,file44466e28cc1c3e2701f4927ada9349e0
WORKSHEETS_APP_USER,file446c3f72ed797bdc59fc9be1729da302
WORKSHEETS_APP_USER,file4502038e0b1b3ec03f8f53c0ce3a7647
WORKSHEETS_APP_USER,file453b306ab23a2afe3fd8acd487594a40
WORKSHEETS_APP_USER,file455c3574e1d4f0c187937b75e789eeaf
WORKSHEETS_APP_USER,file468bd950c65afc075548b892bf89314b
WORKSHEETS_APP_USER,file4896cabb4a4a29087069dfeddafd1bed
WORKSHEETS_APP_USER,file48da9a770b0dd1bfeb247342cb94ed15
WORKSHEETS_APP_USER,file4bb54719e7b9299201970acc6883f9cc
WORKSHEETS_APP_USER,file4c3560a930a841803a52f05643d0baa5
WORKSHEETS_APP_USER,file4ce6fb7659e5dd1ba0cf8f7ec88d01f6
WORKSHEETS_APP_USER,file4d2b87de120232e8a3161ff15ec15e5e
WORKSHEETS_APP_USER,file5003bef21799585a57cd2272c9081792
WORKSHEETS_APP_USER,file51009b61c31676caba668aca956fef34
WORKSHEETS_APP_USER,file5108c784d051288158309bd3f59d948e
WORKSHEETS_APP_USER,file5116d7bf62dd11e21a8eb59921713e57
WORKSHEETS_APP_USER,file51345859425a6c325a8c9ab7c490e626
WORKSHEETS_APP_USER,file5241240ac73bd08063206268c329b6fc
WORKSHEETS_APP_USER,file536c82dd91305164b8c63be0233516b4
WORKSHEETS_APP_USER,file547078bba0536d969be17e5a3e27a7ff
WORKSHEETS_APP_USER,file55986d83ba99a8aff9e644ce47d52f8f
WORKSHEETS_APP_USER,file55e659a7c328dadbc4bbc7c522f49e32
WORKSHEETS_APP_USER,file55ee30b259d5383b21894ab2d49ec29a
WORKSHEETS_APP_USER,file565f6b08b618e3f7d7b5de0f43986d7e
WORKSHEETS_APP_USER,file57f374d1dad4b56b6d53fef873da97ad
WORKSHEETS_APP_USER,file58412d4d74eeb00b87fa409c85e708a1
WORKSHEETS_APP_USER,file58c5837ac0eab65666217dfb0f3219ca
WORKSHEETS_APP_USER,file591f561d0bdef38beda0099d8d92a049
WORKSHEETS_APP_USER,file598ddef97da4c7feab08250e5864c9f2
WORKSHEETS_APP_USER,file59f3a0e3ceae269bb285bd3bf4cbd8c3
WORKSHEETS_APP_USER,file5b911af164ff66843dd6b0cbc9423ed0
WORKSHEETS_APP_USER,file5dc5928d295255e850ec06e8dba243c4
WORKSHEETS_APP_USER,file5df88c57e45ba4f332cc0636d14343df
WORKSHEETS_APP_USER,file5ee2dabdde8e453bdeee530345f7ca11
WORKSHEETS_APP_USER,file5f91360778442e5e5da6c05a3570d490
WORKSHEETS_APP_USER,file5fceb21954d7e1324cd5a2460ce26db0
WORKSHEETS_APP_USER,file606c1bc93e7e54e0637d32c0f0be497c
WORKSHEETS_APP_USER,file61b5efcaa7a76108e875cce2f1c93dc1
WORKSHEETS_APP_USER,file6241f336d3cca5bc808940c70939faac
WORKSHEETS_APP_USER,file6248477b8d9efeef1b168c4f7e46c4c6
WORKSHEETS_APP_USER,file634ea1682760de01d2ea79334497eca7
WORKSHEETS_APP_USER,file650c84ba681db994e49436c10f20c99e
WORKSHEETS_APP_USER,file65b5934cf34a8789fb05145edcfe9540
WORKSHEETS_APP_USER,file6700bec021b178af2fa9b24ba763dfa8
WORKSHEETS_APP_USER,file6a2132e13693b613aaaff33538aa1f98
WORKSHEETS_APP_USER,file6ad0b074209e7a8e83bde43296c88654
WORKSHEETS_APP_USER,file6b0ba3bc5413a35ed034f0443ed06570
WORKSHEETS_APP_USER,file6b7ff03b345918d9c87afc88b8e454a0
WORKSHEETS_APP_USER,file6bfeb4a565862e6578b38ee6bbdb9446
WORKSHEETS_APP_USER,file6cd84e3475090593a44b57ad19c6828f
WORKSHEETS_APP_USER,file6da8ac85da7633e235b27dbec0a43cdb
WORKSHEETS_APP_USER,file6e14044cf12cbf7cad321fa511fb75b6
WORKSHEETS_APP_USER,file6ee658204bb16ea4408f3b4f7e3a93d8
WORKSHEETS_APP_USER,file6f3948fae1656bcacf0d77744836876e
WORKSHEETS_APP_USER,file6fc16371f35595acec505705ce4ee827
WORKSHEETS_APP_USER,file6ff911ceb5dc236cfc00ec9b9d1d8279
WORKSHEETS_APP_USER,file71fdbb545e403b62ea565fe270f9aa0b
WORKSHEETS_APP_USER,file72d7fb0ef5aa0c858713ac4268a00377
WORKSHEETS_APP_USER,file73c7e7d166cf4017373801ab0741a60d
WORKSHEETS_APP_USER,file7859bcccc7dc09bc33663c4eb86c4cb6
WORKSHEETS_APP_USER,file78b4d9a253d21de696ac47f9f59048cf
WORKSHEETS_APP_USER,file78c472090d227a49f8b994a485d8ece1
WORKSHEETS_APP_USER,file7953153dcbfa2011531860437fe51b11
WORKSHEETS_APP_USER,file797095402082c9b59bd2c14f67f83d8e
WORKSHEETS_APP_USER,file7aa2a42b5f16c3f2e3600a2f28906861
WORKSHEETS_APP_USER,file7ad2890304510ef6f300a57c3d5e4dad
WORKSHEETS_APP_USER,file7b72370f9239c2b75bfb00f5843e1f6c
WORKSHEETS_APP_USER,file7bf734ffb08d05c0723604174a1e61c3
WORKSHEETS_APP_USER,file7cc371a9bf8f01baf2bb0d1543498763
WORKSHEETS_APP_USER,file7cea38c00530716f2a8304012ed0b86f
WORKSHEETS_APP_USER,file7f014fe375679e6400a827b422f3b8a2
WORKSHEETS_APP_USER,file7f7ae030d730b5839b0b0f646d9b84e4
WORKSHEETS_APP_USER,file8007690edd334600cf08b80c2d6cf0fb
WORKSHEETS_APP_USER,file8016030c60328bad4d7182e0339e9c9c
WORKSHEETS_APP_USER,file80c891d25fdfb485a91eba316a7df417
WORKSHEETS_APP_USER,file81821b2ca0f072912d94bab594e77fba
WORKSHEETS_APP_USER,file828fb1a09078835fd9e50de04f20e50c
WORKSHEETS_APP_USER,file8359f1d518329d9bea6c204e2e18ca45
WORKSHEETS_APP_USER,file83b62eea8d25ee434f74828130b3461b
WORKSHEETS_APP_USER,file8585b667b04a6f1cc4655747e8797dcb
WORKSHEETS_APP_USER,file85d118e78dc705202532146186086031
WORKSHEETS_APP_USER,file85df00a8a243e05cf730f453e8b3212d
WORKSHEETS_APP_USER,file86ca327551944ccad66c60d67ab7bff2
WORKSHEETS_APP_USER,file874ac43f70c39a52160c952ffda4da2c
WORKSHEETS_APP_USER,file8838fa36b210c537bda27ee392f61e36
WORKSHEETS_APP_USER,file89240c113574c845e0a4bba328858605
WORKSHEETS_APP_USER,file895a22127cbec0322e5fed344b7ca12e
WORKSHEETS_APP_USER,file898633302d31c0e4b3ce068b311c8276
WORKSHEETS_APP_USER,file8a69735aa803956bbc5cccc1572276a5
WORKSHEETS_APP_USER,file8ae8398cce47375783c1f7a75e774f16
WORKSHEETS_APP_USER,file8c9e5b7dfbab3a1a869a8057fc2cd229
WORKSHEETS_APP_USER,file8cbea53e6d95db1524eeab8a8ea11677
WORKSHEETS_APP_USER,file8d4ddaf62d8a8eb79e608202fa9429aa
WORKSHEETS_APP_USER,file8dd3c47a59f673456e22f12aecb1e28d
WORKSHEETS_APP_USER,file8dea44ca40b552839c9bc243a33f30c8
WORKSHEETS_APP_USER,file8e0935fe5be753301b32e9dc9ec656fa
WORKSHEETS_APP_USER,file8e92297eedb854f8e1f63f016335e97e
WORKSHEETS_APP_USER,file8e9b31c7df50407d54bcc5c67bdd53c3
WORKSHEETS_APP_USER,file904530c935430abb7e73cfd888e1ab66
WORKSHEETS_APP_USER,file923abd9f37c08cbde9c5637e2fe14f31
WORKSHEETS_APP_USER,file92f722066f35ea1d4bbca80fcdcc8664
WORKSHEETS_APP_USER,file942ed1ebd60cb0375e47c20f76149f30
WORKSHEETS_APP_USER,file946c06c76a3b668c0fcd32ed96c0b1cc
WORKSHEETS_APP_USER,file947c23954b9bcff94ed4810ae66c0b49
WORKSHEETS_APP_USER,file94ad5261dff38bb9a42db3799a31dcd5
WORKSHEETS_APP_USER,file9600bf1738955fd8ec8d0a7851e53cb5
WORKSHEETS_APP_USER,file9671d5fe32456cfaf489025e401e6330
WORKSHEETS_APP_USER,file984b88884369b24f63749632f20aec36
WORKSHEETS_APP_USER,file999ead6d69453450e44272a04e372a5d
WORKSHEETS_APP_USER,file99d0e54361be94db59c8cae5ce702bec
WORKSHEETS_APP_USER,file9a2335594a78c749657fad962e50f2a6
WORKSHEETS_APP_USER,file9bbb405639afc24402cf792c0cbccaea
WORKSHEETS_APP_USER,file9bf9aade278d2252f20a2bd225ac69fa
WORKSHEETS_APP_USER,file9c5e8bf0408616d73496127773ea412e
WORKSHEETS_APP_USER,file9d1b75ebb1fb087c3c44458ed4fd0af7
WORKSHEETS_APP_USER,file9d8c1d94182fe8bab2c1f7045800deb5
WORKSHEETS_APP_USER,file9dba2f658435f4871348e58413dd7ce3
WORKSHEETS_APP_USER,file9dcb30a49b8ee4d281d6759d41d8ea06
WORKSHEETS_APP_USER,file9dced69ccdc004de808d22da85b00aee
WORKSHEETS_APP_USER,file9e4ce4e07675a90740cd90a12035127b
WORKSHEETS_APP_USER,file9e830ba3c241160b6eb01f1d67c972e7
WORKSHEETS_APP_USER,file9ff16e7e2193aae39ca8f7a6dff21e93
WORKSHEETS_APP_USER,filea0ce289dc543f08ab666bc1308aa122f
WORKSHEETS_APP_USER,filea1b5166a5d99802f92189455538cb937
WORKSHEETS_APP_USER,filea263f7d741377e2ae755e1c7f330c47f
WORKSHEETS_APP_USER,filea3bbc8979a20b782b541a5dd716c3c8b
WORKSHEETS_APP_USER,filea47158607bb04dba61060bbc5cd9dac7
WORKSHEETS_APP_USER,filea4e53b06930bfb860747c9a1aeb33d3b
WORKSHEETS_APP_USER,filea5c925466a95af17f79a7c4bf5303937
WORKSHEETS_APP_USER,filea656feb95e17a9731d73a6eb1761f663
WORKSHEETS_APP_USER,filea7d982a7b6abf0799bd9d00a2595083b
WORKSHEETS_APP_USER,filea93adfd1ebddcc08ed86459c52c2fedc
WORKSHEETS_APP_USER,filea995d029518349682103eda1bf152d22
WORKSHEETS_APP_USER,filea9ee47351d546bf36ac9cb7c49b1d7c7
WORKSHEETS_APP_USER,fileaac51c7f7482a0fc836b15aaae83e9f4
WORKSHEETS_APP_USER,fileaaf6d5d89ef3d4f0b934a02362aa388c
WORKSHEETS_APP_USER,fileab14b4e309b736c68e80f3f6e3cdfd39
WORKSHEETS_APP_USER,fileac6711e2cf2671258cff766773194fa0
WORKSHEETS_APP_USER,fileac703948d24ee954bd43e7c8a7a3fdd0
WORKSHEETS_APP_USER,fileac83edd6350e4fc236ab4ed083cf7289
WORKSHEETS_APP_USER,fileacadb584f834575ac00a8ae9e260dcb0
WORKSHEETS_APP_USER,filead5e71837a7c36ad63fd7e0c4ed4f6a1
WORKSHEETS_APP_USER,fileae72a8402adc59fa2289946eb783e5d9
WORKSHEETS_APP_USER,fileae882f322900d790060a1b5c9468cb20
WORKSHEETS_APP_USER,fileb07d617e15f94da7a8f8fbfee3857509
WORKSHEETS_APP_USER,fileb25c90b56e4e1ae34d5831fed580a392
WORKSHEETS_APP_USER,fileb2a55ab200617d22d823a9ab5a0ab8e9
WORKSHEETS_APP_USER,fileb3077e3de1c5320e5c5a9b362d2ffa78
WORKSHEETS_APP_USER,fileb321dd12c9c59d98eeb62ab4abc77533
WORKSHEETS_APP_USER,fileb3bfc5236b1f42df23f6128194b07f76
WORKSHEETS_APP_USER,fileb52943e7fec9c58df5a3e80119db1114
WORKSHEETS_APP_USER,fileb6a9d0488ef9704c6f43c9794dde9fea
WORKSHEETS_APP_USER,fileb8810f47d24b0ac7389cf16aecb25329
WORKSHEETS_APP_USER,fileb9814299b597e5fc83ab8aeeb1d6df38
WORKSHEETS_APP_USER,fileb9d9037d463ec1558907cf2b7022e21e
WORKSHEETS_APP_USER,filebaf73dec03f0274b6c24e0cdf4a8531a
WORKSHEETS_APP_USER,filebc1a0fdfc73addf2e113470255f1f61e
WORKSHEETS_APP_USER,filebe19b3fe1c6aa8fb7b7725b578990280
WORKSHEETS_APP_USER,filebe5f8a8335736f6bd2e65239a71783a6
WORKSHEETS_APP_USER,filebf7fd0b2b74bd3e67ee8ad76a4b9dc95
WORKSHEETS_APP_USER,filec0c87f6263dec25fc104bdf0fec191c5
WORKSHEETS_APP_USER,filec1016bdf3bcb3c280324c3a0ef217122
WORKSHEETS_APP_USER,filec1fa9c203cdd4a36ff8609ed49144f50
WORKSHEETS_APP_USER,filec213a00011f3d2097c6636c9200f9be2
WORKSHEETS_APP_USER,filec29c3f5c2c67a533970bfb980943d29c
WORKSHEETS_APP_USER,filec2fa9cc25fa8bff27833414948d7d180
WORKSHEETS_APP_USER,filec464fceec3512c09935d089cd48750a5
WORKSHEETS_APP_USER,filec6d7be28e1143094d54cd80d27660cd4
WORKSHEETS_APP_USER,filec7858cb27a2821ca2e91fb5f9d56a18f
WORKSHEETS_APP_USER,filec943de862c1230a8241edccad58ab3a0
WORKSHEETS_APP_USER,filecb3c53a9efedcca6e2892741b253722f
WORKSHEETS_APP_USER,filecb81e74b423495cfbb9cc05c1dcc723d
WORKSHEETS_APP_USER,filecbd22ea2a2fe816cfae5dad93e10c555
WORKSHEETS_APP_USER,filecbe4378081965168b175ed97507e374f
WORKSHEETS_APP_USER,filecc55765b02abe9080b4a857f25e8605a
WORKSHEETS_APP_USER,filecd1f1825d98bcb50e6f207880ed4051f
WORKSHEETS_APP_USER,filece94336843090cadfb97f7d41daa6265
WORKSHEETS_APP_USER,filed003ef555227f816b773c4789422cb16
WORKSHEETS_APP_USER,filed067d5e43201acb197b7c2fb229cedca
WORKSHEETS_APP_USER,filed09f4d4dcb7c5614dd39cb46ea60a2be
WORKSHEETS_APP_USER,filed155335413be13bb2f6eceae6fb4a24b
WORKSHEETS_APP_USER,filed181d7a1ee7b527aa9b5bc336ecc471f
WORKSHEETS_APP_USER,filed31394a7c3bf0a8c305327c2488c459c
WORKSHEETS_APP_USER,filed4e430556c35191f09c52a9629529d88
WORKSHEETS_APP_USER,filed4fa368846d030baf1b7fb4f90754150
WORKSHEETS_APP_USER,filed5612cb102315f52613be36b296e6275
WORKSHEETS_APP_USER,filed599483f3a3c84f646fcb7447a71f7b6
WORKSHEETS_APP_USER,filed5ca4b873faa695f7672a05eff0bc7c9
WORKSHEETS_APP_USER,filed5e6d47269e5da909f432937a8e51c30
WORKSHEETS_APP_USER,filed6f1ea80b122f3e05915aaf42c581398
WORKSHEETS_APP_USER,filed7b8b18c6d0b10d200707e3f8baf0dfb
WORKSHEETS_APP_USER,filed7e183477549088c9268ba72131a07c1
WORKSHEETS_APP_USER,filed9619bb5c0e4c654e881ac5044cbde46
WORKSHEETS_APP_USER,fileda2c2740800f7e3b45413eb8345c5b3b
WORKSHEETS_APP_USER,filedbcfa0c224e97c1b8be48d678327c891
WORKSHEETS_APP_USER,filedceb28bac2899a854cf5a3acde48ffbc
WORKSHEETS_APP_USER,filedd00a4b1500b84014042ca54f66f63b2
WORKSHEETS_APP_USER,filedd08dab5bb0be81da5d99738c17157ac
WORKSHEETS_APP_USER,filedd74ea761371fe6fcede7a54eccbd30b
WORKSHEETS_APP_USER,filedda689716513118fcaef21ce9ed976c6
WORKSHEETS_APP_USER,filede25ba7216e0912c00d92b27879d46fa
WORKSHEETS_APP_USER,filede3e6335d044d100002a852a31197ffc
WORKSHEETS_APP_USER,filede5623d7f8065db5334f3c53b3668b91
WORKSHEETS_APP_USER,filedf16e65bdfeaf8da315d0932bacac0ea
WORKSHEETS_APP_USER,filedfd5843dc63f45f8b4d370d831f40506
WORKSHEETS_APP_USER,filee03afa2054414b31e9ac584f4e6ce83b
WORKSHEETS_APP_USER,filee0e726ff01d84ddf1c030dd2ac3d7fd2
WORKSHEETS_APP_USER,filee10a9cacce1d5eb8a609cdc049c95e9a
WORKSHEETS_APP_USER,filee13de13d06709fa200f2f1a1159c6ae5
WORKSHEETS_APP_USER,filee20c4c66624e44018eb1ef6de5429540
WORKSHEETS_APP_USER,filee229fd7cb8f17a02784abe5e01115f17
WORKSHEETS_APP_USER,filee2e80faf04357f131672679c3f0a2de9
WORKSHEETS_APP_USER,filee363454904ba950d2c89d7a27e25c07f
WORKSHEETS_APP_USER,filee363ee40a0af14be74b343a8e19476f5
WORKSHEETS_APP_USER,filee4e1d83f091cb1694d2949213f343293
WORKSHEETS_APP_USER,filee4f55ceaae5a608dc3d2305b60c64e8f
WORKSHEETS_APP_USER,filee5224a1b95940fd78ee171df5b4996f3
WORKSHEETS_APP_USER,filee6a06a32f1276637d53412d5ec559e9c
WORKSHEETS_APP_USER,filee725a1e0aee6cb73da32ac09ba48a2b9
WORKSHEETS_APP_USER,filee81f3cc784fee36837eaefacee313c38
WORKSHEETS_APP_USER,filee8c6bae7cb8c3d236aadfc783f38d45a
WORKSHEETS_APP_USER,filee97177670926670a56316df511b2d0a2
WORKSHEETS_APP_USER,filee98ebaa1f40bda7c03d02cbc505c01be
WORKSHEETS_APP_USER,fileed1b88fec3b79d265774bfbb57e58822
WORKSHEETS_APP_USER,fileed491ff69945a5029eed6474597e581d
WORKSHEETS_APP_USER,fileeed4d1dc4bb3ac115d9d8343172f851d
WORKSHEETS_APP_USER,fileeee24a98c0787183d81c7faa70b23f02
WORKSHEETS_APP_USER,fileef0e6dbc5e8834480cb611f8d749d66e
WORKSHEETS_APP_USER,filef06d68bb0f4522b6bdd2a01ee3499f2f
WORKSHEETS_APP_USER,filef0a9372618a5e4bf6e235ff8b4c2c15e
WORKSHEETS_APP_USER,filef0e304e43efc42761c621a66faf68c57
WORKSHEETS_APP_USER,filef1a77a494caa50158ab670ed935fd302
WORKSHEETS_APP_USER,filef1d6c3a8a370e7fa446e5935a3eb8bb2
WORKSHEETS_APP_USER,filef26dcb247edb00547d1881ef66de6ba8
WORKSHEETS_APP_USER,filef28fea7f324a55e6e0c463ddd695fbea
WORKSHEETS_APP_USER,filef30dc698b613b95c0382c2251354e437
WORKSHEETS_APP_USER,filef35940f8a86663758dd3b9476ace95b2
WORKSHEETS_APP_USER,filef37296d08064e220b31cf7b7e316a387
WORKSHEETS_APP_USER,filef3e3d6a96f57ef0e51e5cc8bb20bcf20
WORKSHEETS_APP_USER,filef42e6467c2f7a93fadd62a2bbfce26e6
WORKSHEETS_APP_USER,filef44ad31f5c3f598d72319fdabd610d25
WORKSHEETS_APP_USER,filef570524c7a3b08829fcb228b3d232caf
WORKSHEETS_APP_USER,filef70263c0401b2cbce0fff2a6f98967fa
WORKSHEETS_APP_USER,filef789a1b1bb371a53aca5826988fd64d4
WORKSHEETS_APP_USER,filef78f84e61efc00e38f49e535c6d0bd9c
WORKSHEETS_APP_USER,filef813212f66e27de819eb675e0d2f408f
WORKSHEETS_APP_USER,filef924d0eafefb1f699115851b3b1c3110
WORKSHEETS_APP_USER,filefb0c863a357f847a92062400613f4096
WORKSHEETS_APP_USER,filefcb35cfd9422bb48fde2a410a737456e
WORKSHEETS_APP_USER,fileffc801c5a8bdb3519cda44e76cd62c46
XHAN,raw:normalized_events.bi
XHAN,raw:normalized_events.columns_lineage
XHAN,raw:normalized_events.query_logs
